2000-01-03,111.937502
2000-01-04,102.500003
2000-01-05,103.999997
2000-01-06,94.999998
2000-01-07,99.500001
2000-01-10,97.750001
2000-01-11,92.750000
2000-01-12,87.187503
2000-01-13,96.749998
2000-01-14,100.437499
2000-01-18,103.937499
2000-01-19,106.562499
2000-01-20,113.499994
2000-01-21,111.312501
2000-01-24,106.250002
2000-01-25,112.250006
2000-01-26,110.187502
2000-01-27,110.000001
2000-01-28,101.625003
2000-01-31,103.749998
2000-02-01,100.249998
2000-02-02,98.812502
2000-02-03,103.312498
2000-02-04,108.000002
2000-02-07,114.062504
2000-02-08,114.875006
2000-02-09,112.624994
2000-02-10,113.499994
2000-02-11,108.749999
2000-02-14,115.812504
2000-02-15,119.000000
2000-02-16,114.125002
2000-02-17,114.875006
2000-02-18,111.250003
2000-02-22,113.812498
2000-02-23,116.250004
2000-02-24,115.203104
2000-02-25,110.375003
2000-02-28,113.250002
2000-02-29,114.625000
2000-03-01,130.312502
2000-03-02,122.000002
2000-03-03,128.000006
2000-03-06,125.687496
2000-03-07,122.875002
2000-03-08,122.000002
2000-03-09,122.249994
2000-03-10,125.749994
2000-03-13,121.312496
2000-03-14,114.249998
2000-03-15,116.250004
2000-03-16,121.562502
2000-03-17,125.000004
2000-03-20,122.999998
2000-03-21,134.937494
2000-03-22,144.187506
2000-03-23,141.312500
2000-03-24,138.687500
2000-03-27,139.562500
2000-03-28,139.125000
2000-03-29,135.937504
2000-03-30,125.749994
2000-03-31,135.812494
2000-04-03,133.312504
2000-04-04,127.312500
2000-04-05,130.375000
2000-04-06,125.187498
2000-04-07,131.749998
2000-04-10,125.000004
2000-04-11,119.437500
2000-04-12,109.249997
2000-04-13,113.812498
2000-04-14,111.874997
2000-04-17,123.874998
2000-04-18,126.875000
2000-04-19,121.125002
2000-04-20,118.875004
2000-04-24,120.499994
2000-04-25,128.312496
2000-04-26,121.312496
2000-04-27,126.750004
2000-04-28,124.062506
2000-05-01,124.312498
2000-05-02,117.874994
2000-05-03,115.062500
2000-05-04,110.687500
2000-05-05,113.125006
2000-05-08,110.124997
2000-05-09,105.437500
2000-05-10,99.312500
2000-05-11,102.812500
2000-05-12,107.625000
2000-05-15,101.000002
2000-05-16,105.687499
2000-05-17,101.374997
2000-05-18,100.750003
2000-05-19,94.000002
2000-05-22,89.937499
2000-05-23,85.812498
2000-05-24,87.687501
2000-05-25,87.265602
2000-05-26,86.375001
2000-05-30,87.562498
2000-05-31,84.000000
2000-06-01,89.124997
2000-06-02,92.562499
2000-06-05,91.312497
2000-06-06,92.875003
2000-06-07,96.562497
2000-06-08,94.812497
2000-06-09,95.750002
2000-06-12,91.187501
2000-06-13,94.500000
2000-06-14,90.437497
2000-06-15,92.374998
2000-06-16,91.187501
2000-06-19,96.625002
2000-06-20,101.250001
2000-06-21,55.625001
2000-06-22,53.749999
2000-06-23,51.687501
2000-06-26,54.125000
2000-06-27,51.750000
2000-06-28,54.437501
2000-06-29,51.250001
2000-06-30,52.375000
2000-07-03,53.312499
2000-07-05,51.625000
2000-07-06,51.812501
2000-07-07,54.437501
2000-07-10,57.124999
2000-07-11,56.937498
2000-07-12,58.874999
2000-07-13,56.499998
2000-07-14,57.687502
2000-07-17,58.312503
2000-07-18,57.250002
2000-07-19,52.687501
2000-07-20,55.125000
2000-07-21,53.562501
2000-07-24,48.687500
2000-07-25,50.062501
2000-07-26,50.062501
2000-07-27,51.999999
2000-07-28,48.312501
2000-07-31,50.812501
2000-08-01,49.312500
2000-08-02,47.250000
2000-08-03,48.000000
2000-08-04,47.375000
2000-08-07,47.937499
2000-08-08,46.749999
2000-08-09,47.499999
2000-08-10,47.562500
2000-08-11,47.687500
2000-08-14,47.062499
2000-08-15,46.687500
2000-08-16,48.499999
2000-08-17,51.437499
2000-08-18,50.000000
2000-08-21,50.500001
2000-08-22,51.687501
2000-08-23,54.312501
2000-08-24,56.109302
2000-08-25,56.812502
2000-08-28,58.062497
2000-08-29,59.187503
2000-08-30,59.500000
2000-08-31,60.937503
2000-09-01,63.437500
2000-09-05,62.437497
2000-09-06,58.437499
2000-09-07,61.999997
2000-09-08,58.874999
2000-09-11,58.437499
2000-09-12,57.750000
2000-09-13,57.999999
2000-09-14,56.859299
2000-09-15,55.234302
2000-09-18,60.656201
2000-09-19,59.937500
2000-09-20,61.046798
2000-09-21,56.687499
2000-09-22,52.187500
2000-09-25,53.500000
2000-09-26,51.437499
2000-09-27,48.937499
2000-09-28,53.500000
2000-09-29,25.750000
2000-10-02,24.249999
2000-10-03,22.312500
2000-10-04,23.625000
2000-10-05,22.062499
2000-10-06,22.187500
2000-10-09,21.750000
2000-10-10,20.875000
2000-10-11,19.625000
2000-10-12,20.000000
2000-10-13,22.062499
2000-10-16,21.500000
2000-10-17,20.125000
2000-10-18,20.125000
2000-10-19,18.937500
2000-10-20,19.500001
2000-10-23,20.375001
2000-10-24,18.875000
2000-10-25,18.500000
2000-10-26,18.500000
2000-10-27,18.562499
2000-10-30,19.312500
2000-10-31,19.562500
2000-11-01,20.500000
2000-11-02,22.312500
2000-11-03,22.250000
2000-11-06,21.437500
2000-11-07,21.312500
2000-11-08,20.062500
2000-11-09,20.187500
2000-11-10,19.062501
2000-11-13,19.375000
2000-11-14,20.250000
2000-11-15,19.874999
2000-11-16,18.999999
2000-11-17,18.500000
2000-11-20,18.937500
2000-11-21,18.812500
2000-11-22,18.500000
2000-11-24,19.312500
2000-11-27,18.687500
2000-11-28,18.031200
2000-11-29,17.562500
2000-11-30,16.500000
2000-12-01,17.062500
2000-12-04,16.687500
2000-12-05,17.000000
2000-12-06,14.312500
2000-12-07,14.312500
2000-12-08,15.062499
2000-12-11,15.187500
2000-12-12,15.375000
2000-12-13,15.000000
2000-12-14,14.437500
2000-12-15,14.062500
2000-12-18,14.250001
2000-12-19,14.000000
2000-12-20,14.375000
2000-12-21,14.062500
2000-12-22,15.000000
2000-12-26,14.687501
2000-12-27,14.812500
2000-12-28,14.812500
2000-12-29,14.875000
2001-01-02,14.875000
2001-01-03,16.374999
2001-01-04,17.062500
2001-01-05,16.374999
2001-01-08,16.562500
2001-01-09,17.187500
2001-01-10,16.562500
2001-01-11,18.000000
2001-01-12,17.187500
2001-01-16,17.125000
2001-01-17,16.812499
2001-01-18,18.687500
2001-01-19,19.500001
2001-01-22,19.250000
2001-01-23,20.500000
2001-01-24,20.500000
2001-01-25,19.937501
2001-01-26,19.562500
2001-01-29,21.687501
2001-01-30,21.750000
2001-01-31,21.624999
2001-02-01,21.125000
2001-02-02,20.625000
2001-02-05,20.187500
2001-02-06,21.125000
2001-02-07,20.749999
2001-02-08,20.749999
2001-02-09,19.125000
2001-02-12,19.687500
2001-02-13,19.125000
2001-02-14,19.500001
2001-02-15,20.062500
2001-02-16,18.999999
2001-02-20,18.312500
2001-02-21,18.875000
2001-02-22,18.812500
2001-02-23,18.812500
2001-02-26,19.500001
2001-02-27,19.375000
2001-02-28,18.250000
2001-03-01,18.750000
2001-03-02,19.250000
2001-03-05,20.375001
2001-03-06,21.500000
2001-03-07,21.250001
2001-03-08,20.812501
2001-03-09,20.250000
2001-03-12,18.625001
2001-03-13,19.562500
2001-03-14,20.437500
2001-03-15,19.687500
2001-03-16,19.625000
2001-03-19,20.562500
2001-03-20,19.687500
2001-03-21,20.125000
2001-03-22,21.624999
2001-03-23,23.000001
2001-03-26,21.779999
2001-03-27,22.869999
2001-03-28,22.170000
2001-03-29,22.530000
2001-03-30,22.069999
2001-04-02,21.590000
2001-04-03,20.239999
2001-04-04,19.500001
2001-04-05,20.870000
2001-04-06,20.590001
2001-04-09,20.539999
2001-04-10,22.040000
2001-04-11,21.800000
2001-04-12,22.420001
2001-04-16,21.440000
2001-04-17,20.400000
2001-04-18,22.789999
2001-04-19,25.720000
2001-04-20,25.040001
2001-04-23,24.249999
2001-04-24,24.029999
2001-04-25,24.720000
2001-04-26,24.689999
2001-04-27,26.200001
2001-04-30,25.489999
2001-05-01,25.929999
2001-05-02,26.589999
2001-05-03,24.960001
2001-05-04,25.750000
2001-05-07,24.960001
2001-05-08,24.570000
2001-05-09,23.980000
2001-05-10,23.000001
2001-05-11,22.850001
2001-05-14,23.290001
2001-05-15,23.180000
2001-05-16,24.099999
2001-05-17,23.550000
2001-05-18,23.529999
2001-05-21,23.560000
2001-05-22,23.500000
2001-05-23,23.229999
2001-05-24,23.200000
2001-05-25,22.760000
2001-05-29,21.470001
2001-05-30,19.780000
2001-05-31,19.949999
2001-06-01,20.890001
2001-06-04,20.660001
2001-06-05,20.940000
2001-06-06,20.730000
2001-06-07,21.660000
2001-06-08,21.320001
2001-06-11,20.040000
2001-06-12,20.309999
2001-06-13,20.470000
2001-06-14,19.879999
2001-06-15,20.440001
2001-06-18,20.330000
2001-06-19,20.190000
2001-06-20,21.670000
2001-06-21,22.490001
2001-06-22,22.260000
2001-06-25,23.990000
2001-06-26,23.750000
2001-06-27,23.340000
2001-06-28,23.540000
2001-06-29,23.250000
2001-07-02,23.900000
2001-07-03,23.840000
2001-07-05,23.190000
2001-07-06,22.030000
2001-07-09,22.700001
2001-07-10,21.140000
2001-07-11,22.540000
2001-07-12,24.360000
2001-07-13,24.850000
2001-07-16,23.959999
2001-07-17,25.100000
2001-07-18,20.790000
2001-07-19,19.960000
2001-07-20,19.980000
2001-07-23,19.540000
2001-07-24,19.090000
2001-07-25,18.470001
2001-07-26,18.590000
2001-07-27,18.960000
2001-07-30,18.929999
2001-07-31,18.789999
2001-08-01,19.060001
2001-08-02,19.820000
2001-08-03,19.500001
2001-08-06,19.130001
2001-08-07,19.250000
2001-08-08,18.900000
2001-08-09,19.050000
2001-08-10,19.020000
2001-08-13,19.090000
2001-08-14,18.730000
2001-08-15,18.440000
2001-08-16,18.650000
2001-08-17,18.070000
2001-08-20,18.119999
2001-08-21,17.920000
2001-08-22,18.210000
2001-08-23,17.810000
2001-08-24,18.569999
2001-08-27,18.920001
2001-08-28,18.400001
2001-08-29,17.829999
2001-08-30,17.829999
2001-08-31,18.550001
2001-09-04,18.250000
2001-09-05,18.550001
2001-09-06,17.720000
2001-09-07,17.280000
2001-09-10,17.370000
2001-09-17,16.990000
2001-09-18,16.280000
2001-09-19,17.020001
2001-09-20,15.680000
2001-09-21,15.730000
2001-09-24,16.449999
2001-09-25,15.540000
2001-09-26,15.150000
2001-09-27,15.510000
2001-09-28,15.510000
2001-10-01,15.540000
2001-10-02,15.050001
2001-10-03,14.980001
2001-10-04,15.880000
2001-10-05,16.140001
2001-10-08,16.200000
2001-10-09,16.000001
2001-10-10,16.819999
2001-10-11,17.740000
2001-10-12,18.010000
2001-10-15,17.990000
2001-10-16,18.010000
2001-10-17,16.990000
2001-10-18,18.000000
2001-10-19,18.300000
2001-10-22,19.020000
2001-10-23,18.140000
2001-10-24,18.950000
2001-10-25,19.190000
2001-10-26,18.670000
2001-10-29,17.630000
2001-10-30,17.600001
2001-10-31,17.560000
2001-11-01,18.590000
2001-11-02,18.569999
2001-11-05,19.069999
2001-11-06,19.570001
2001-11-07,19.589999
2001-11-08,18.709999
2001-11-09,18.709999
2001-11-12,18.750000
2001-11-13,19.369999
2001-11-14,19.610000
2001-11-15,19.450000
2001-11-16,18.970000
2001-11-19,20.000000
2001-11-20,19.530000
2001-11-21,19.680000
2001-11-23,19.840000
2001-11-26,21.370000
2001-11-27,21.000000
2001-11-28,20.529999
2001-11-29,20.420000
2001-11-30,21.300000
2001-12-03,21.049999
2001-12-04,22.400000
2001-12-05,23.760000
2001-12-06,22.780001
2001-12-07,22.540000
2001-12-10,22.540000
2001-12-11,21.779999
2001-12-12,21.490000
2001-12-13,21.000000
2001-12-14,20.389999
2001-12-17,20.620000
2001-12-18,21.010000
2001-12-19,21.619999
2001-12-20,20.670001
2001-12-21,21.000000
2001-12-24,21.360000
2001-12-26,21.490000
2001-12-27,22.069999
2001-12-28,22.429999
2001-12-31,21.900001
2002-01-02,23.299999
2002-01-03,23.580001
2002-01-04,23.690000
2002-01-07,22.900000
2002-01-08,22.610000
2002-01-09,21.650000
2002-01-10,21.230000
2002-01-11,21.049999
2002-01-14,21.150000
2002-01-15,21.699999
2002-01-16,20.780000
2002-01-17,22.480000
2002-01-18,22.170000
2002-01-22,21.820000
2002-01-23,23.020000
2002-01-24,23.210001
2002-01-25,23.250000
2002-01-28,23.270000
2002-01-29,23.070001
2002-01-30,24.090001
2002-01-31,24.720000
2002-02-01,24.410000
2002-02-04,25.349999
2002-02-05,25.450000
2002-02-06,24.670001
2002-02-07,24.300000
2002-02-08,24.029999
2002-02-11,24.979999
2002-02-12,24.710000
2002-02-13,25.010000
2002-02-14,24.600001
2002-02-15,23.900000
2002-02-19,22.620000
2002-02-20,23.130000
2002-02-21,21.500000
2002-02-22,22.740000
2002-02-25,23.809999
2002-02-26,23.669999
2002-02-27,21.960000
2002-02-28,21.699999
2002-03-01,23.449999
2002-03-04,24.290000
2002-03-05,23.529999
2002-03-06,24.070000
2002-03-07,24.380001
2002-03-08,24.660000
2002-03-11,25.059999
2002-03-12,24.720000
2002-03-13,24.490000
2002-03-14,24.430000
2002-03-15,24.950000
2002-03-18,24.740000
2002-03-19,24.850000
2002-03-20,24.920000
2002-03-21,24.270000
2002-03-22,24.090001
2002-03-25,23.350000
2002-03-26,23.460000
2002-03-27,23.470000
2002-03-28,23.669999
2002-04-01,24.460001
2002-04-02,24.070000
2002-04-03,23.750000
2002-04-04,24.900001
2002-04-05,24.740000
2002-04-08,24.560000
2002-04-09,24.099999
2002-04-10,24.660000
2002-04-11,24.860000
2002-04-12,25.059999
2002-04-15,25.000000
2002-04-16,25.740000
2002-04-17,26.110000
2002-04-18,25.410001
2002-04-19,24.979999
2002-04-22,24.530001
2002-04-23,24.249999
2002-04-24,23.770000
2002-04-25,24.120000
2002-04-26,23.009999
2002-04-29,23.959999
2002-04-30,24.270000
2002-05-01,23.980000
2002-05-02,23.690000
2002-05-03,23.510001
2002-05-06,22.649999
2002-05-07,22.470000
2002-05-08,24.370000
2002-05-09,24.190000
2002-05-10,23.320000
2002-05-13,23.940001
2002-05-14,25.610000
2002-05-15,25.279999
2002-05-16,25.210000
2002-05-17,25.010000
2002-05-20,24.740000
2002-05-21,23.460000
2002-05-22,24.319999
2002-05-23,25.180001
2002-05-24,24.150000
2002-05-28,23.980000
2002-05-29,23.980000
2002-05-30,24.200000
2002-05-31,23.299999
2002-06-03,22.910000
2002-06-04,22.780001
2002-06-05,22.719999
2002-06-06,22.160000
2002-06-07,21.400001
2002-06-10,21.479999
2002-06-11,20.459999
2002-06-12,20.089999
2002-06-13,19.540000
2002-06-14,20.099999
2002-06-17,20.539999
2002-06-18,20.150001
2002-06-19,17.120000
2002-06-20,17.109999
2002-06-21,16.850000
2002-06-24,17.270000
2002-06-25,17.140000
2002-06-26,16.550000
2002-06-27,17.060000
2002-06-28,17.720000
2002-07-01,17.060000
2002-07-02,16.940001
2002-07-03,17.549999
2002-07-05,18.740000
2002-07-08,18.010000
2002-07-09,17.530001
2002-07-10,17.319999
2002-07-11,18.300000
2002-07-12,17.510000
2002-07-15,18.230000
2002-07-16,17.860000
2002-07-17,15.630001
2002-07-18,14.989999
2002-07-19,14.960000
2002-07-22,14.919999
2002-07-23,14.470001
2002-07-24,15.200001
2002-07-25,14.360000
2002-07-26,14.339999
2002-07-29,15.020000
2002-07-30,15.429999
2002-07-31,15.260000
2002-08-01,14.800000
2002-08-02,14.450000
2002-08-05,13.990000
2002-08-06,14.740000
2002-08-07,15.030000
2002-08-08,15.300000
2002-08-09,15.000000
2002-08-12,14.989999
2002-08-13,14.590000
2002-08-14,15.170000
2002-08-15,15.610000
2002-08-16,15.810000
2002-08-19,15.980000
2002-08-20,15.910000
2002-08-21,16.120000
2002-08-22,15.970000
2002-08-23,15.730000
2002-08-26,15.530000
2002-08-27,14.849999
2002-08-28,14.699999
2002-08-29,14.699999
2002-08-30,14.750000
2002-09-03,14.049999
2002-09-04,14.479999
2002-09-05,14.180001
2002-09-06,14.380000
2002-09-09,14.370000
2002-09-10,14.329999
2002-09-11,14.290000
2002-09-12,14.140000
2002-09-13,14.170001
2002-09-16,14.500000
2002-09-17,14.800000
2002-09-18,15.020000
2002-09-19,14.580000
2002-09-20,14.870000
2002-09-23,14.849999
2002-09-24,14.640000
2002-09-25,14.930000
2002-09-26,14.699999
2002-09-27,14.720000
2002-09-30,14.500000
2002-10-01,14.510000
2002-10-02,14.170001
2002-10-03,14.300000
2002-10-04,14.030001
2002-10-07,13.770000
2002-10-08,13.680000
2002-10-09,13.590000
2002-10-10,14.109999
2002-10-11,14.510000
2002-10-14,14.769999
2002-10-15,15.160000
2002-10-16,14.559999
2002-10-17,14.109999
2002-10-18,14.339999
2002-10-21,14.559999
2002-10-22,14.699999
2002-10-23,14.880000
2002-10-24,14.690001
2002-10-25,15.420001
2002-10-28,15.610000
2002-10-29,15.440000
2002-10-30,15.980000
2002-10-31,16.070001
2002-11-01,16.360001
2002-11-04,16.889999
2002-11-05,16.900000
2002-11-06,17.220000
2002-11-07,16.000001
2002-11-08,15.840000
2002-11-11,15.160000
2002-11-12,15.640001
2002-11-13,15.590000
2002-11-14,16.299999
2002-11-15,15.950000
2002-11-18,15.649999
2002-11-19,15.270001
2002-11-20,15.530000
2002-11-21,16.350000
2002-11-22,16.009999
2002-11-25,15.970000
2002-11-26,15.410001
2002-11-27,15.719999
2002-11-29,15.499999
2002-12-02,15.180000
2002-12-03,15.160000
2002-12-04,14.970001
2002-12-05,14.629999
2002-12-06,14.950000
2002-12-09,14.750000
2002-12-10,15.279999
2002-12-11,15.490001
2002-12-12,15.190001
2002-12-13,14.790000
2002-12-16,14.849999
2002-12-17,15.080000
2002-12-18,14.570000
2002-12-19,14.200000
2002-12-20,14.140000
2002-12-23,14.490000
2002-12-24,14.360000
2002-12-26,14.400001
2002-12-27,14.060000
2002-12-30,14.070000
2002-12-31,14.329999
2003-01-02,14.800000
2003-01-03,14.900001
2003-01-06,14.900001
2003-01-07,14.849999
2003-01-08,14.549999
2003-01-09,14.680001
2003-01-10,14.720000
2003-01-13,14.629999
2003-01-14,14.610001
2003-01-15,14.430000
2003-01-16,14.619999
2003-01-17,14.100001
2003-01-21,14.020000
2003-01-22,13.880000
2003-01-23,14.170001
2003-01-24,13.800000
2003-01-27,14.130000
2003-01-28,14.580000
2003-01-29,14.930000
2003-01-30,14.320001
2003-01-31,14.360000
2003-02-03,14.660000
2003-02-04,14.600000
2003-02-05,14.450000
2003-02-06,14.430000
2003-02-07,14.150000
2003-02-10,14.350000
2003-02-11,14.350000
2003-02-12,14.390001
2003-02-13,14.540001
2003-02-14,14.670000
2003-02-18,15.270001
2003-02-19,14.849999
2003-02-20,14.769999
2003-02-21,15.000000
2003-02-24,14.740000
2003-02-25,15.020000
2003-02-26,14.500000
2003-02-27,14.860000
2003-02-28,15.010000
2003-03-03,14.650000
2003-03-04,14.559999
2003-03-05,14.619999
2003-03-06,14.559999
2003-03-07,14.530000
2003-03-10,14.370000
2003-03-11,14.230000
2003-03-12,14.220000
2003-03-13,14.720000
2003-03-14,14.779999
2003-03-17,15.010000
2003-03-18,15.000000
2003-03-19,14.950000
2003-03-20,14.910001
2003-03-21,15.000000
2003-03-24,14.370000
2003-03-25,14.549999
2003-03-26,14.409999
2003-03-27,14.490000
2003-03-28,14.570000
2003-03-31,14.140000
2003-04-01,14.160000
2003-04-02,14.600000
2003-04-03,14.460001
2003-04-04,14.409999
2003-04-07,14.490000
2003-04-08,14.450000
2003-04-09,14.189999
2003-04-10,14.370000
2003-04-11,13.200000
2003-04-14,13.580000
2003-04-15,13.390000
2003-04-16,13.240000
2003-04-17,13.120000
2003-04-21,13.140000
2003-04-22,13.510000
2003-04-23,13.580000
2003-04-24,13.440000
2003-04-25,13.350000
2003-04-28,13.860000
2003-04-29,14.060000
2003-04-30,14.220000
2003-05-01,14.360000
2003-05-02,14.450000
2003-05-05,16.089999
2003-05-06,17.500000
2003-05-07,17.650000
2003-05-08,18.000000
2003-05-09,18.300000
2003-05-12,18.559999
2003-05-13,18.670000
2003-05-14,18.550001
2003-05-15,18.730000
2003-05-16,18.800000
2003-05-19,18.100000
2003-05-20,17.790000
2003-05-21,17.850000
2003-05-22,18.240000
2003-05-23,18.320000
2003-05-27,18.880000
2003-05-28,18.279999
2003-05-29,18.100000
2003-05-30,17.950000
2003-06-02,17.450001
2003-06-03,17.310001
2003-06-04,17.600001
2003-06-05,17.640000
2003-06-06,17.150000
2003-06-09,16.790000
2003-06-10,17.179999
2003-06-11,17.450001
2003-06-12,17.770000
2003-06-13,17.420000
2003-06-16,18.269999
2003-06-17,18.190001
2003-06-18,19.120000
2003-06-19,19.140001
2003-06-20,19.200001
2003-06-23,19.060001
2003-06-24,18.779999
2003-06-25,19.090000
2003-06-26,19.289999
2003-06-27,18.730000
2003-06-30,19.060001
2003-07-01,19.090000
2003-07-02,19.270000
2003-07-03,19.130001
2003-07-07,19.869999
2003-07-08,20.400000
2003-07-09,19.890000
2003-07-10,19.579999
2003-07-11,19.850000
2003-07-14,19.900000
2003-07-15,19.610000
2003-07-16,19.869999
2003-07-17,20.899999
2003-07-18,20.860000
2003-07-21,20.609999
2003-07-22,20.800000
2003-07-23,20.790000
2003-07-24,20.510000
2003-07-25,21.540001
2003-07-28,20.990000
2003-07-29,20.720000
2003-07-30,20.280000
2003-07-31,21.080000
2003-08-01,20.730000
2003-08-04,21.210000
2003-08-05,20.380001
2003-08-06,19.630000
2003-08-07,19.930001
2003-08-08,19.640001
2003-08-11,19.659999
2003-08-12,19.700000
2003-08-13,20.180000
2003-08-14,19.970000
2003-08-15,19.710001
2003-08-18,20.340000
2003-08-19,20.319999
2003-08-20,21.010000
2003-08-21,21.680001
2003-08-22,20.880001
2003-08-25,20.860000
2003-08-26,21.049999
2003-08-27,21.479999
2003-08-28,22.190001
2003-08-29,22.610000
2003-09-02,22.850001
2003-09-03,22.950000
2003-09-04,22.830000
2003-09-05,22.499999
2003-09-08,22.740000
2003-09-09,22.370000
2003-09-10,22.180000
2003-09-11,22.560001
2003-09-12,23.100000
2003-09-15,22.209999
2003-09-16,22.359999
2003-09-17,22.120001
2003-09-18,22.880000
2003-09-19,22.579999
2003-09-22,22.080000
2003-09-23,22.429999
2003-09-24,21.320001
2003-09-25,20.430000
2003-09-26,20.690000
2003-09-29,21.300000
2003-09-30,20.720000
2003-10-01,20.790000
2003-10-02,20.570000
2003-10-03,21.690001
2003-10-06,22.289999
2003-10-07,23.220001
2003-10-08,23.060000
2003-10-09,23.449999
2003-10-10,23.680000
2003-10-13,24.350000
2003-10-14,24.549999
2003-10-15,24.820001
2003-10-16,23.250000
2003-10-17,22.750000
2003-10-20,23.220001
2003-10-21,23.180000
2003-10-22,22.760000
2003-10-23,22.990000
2003-10-24,22.600000
2003-10-27,22.600000
2003-10-28,23.720001
2003-10-29,23.690000
2003-10-30,23.089999
2003-10-31,22.890000
2003-11-03,23.150001
2003-11-04,22.910000
2003-11-05,23.030000
2003-11-06,23.120000
2003-11-07,22.499999
2003-11-10,21.900001
2003-11-11,21.540001
2003-11-12,22.330000
2003-11-13,22.420001
2003-11-14,21.460001
2003-11-17,21.130000
2003-11-18,20.410000
2003-11-19,20.420000
2003-11-20,20.380001
2003-11-21,20.280000
2003-11-24,21.150000
2003-11-25,20.679999
2003-11-26,20.720000
2003-11-28,20.910000
2003-12-01,21.710000
2003-12-02,21.540001
2003-12-03,21.030001
2003-12-04,21.150000
2003-12-05,20.850000
2003-12-08,21.049999
2003-12-09,20.450001
2003-12-10,20.380001
2003-12-11,21.210000
2003-12-12,20.890001
2003-12-15,20.169999
2003-12-16,20.120000
2003-12-17,19.879999
2003-12-18,20.040000
2003-12-19,19.700000
2003-12-22,19.850000
2003-12-23,19.809999
2003-12-24,20.410000
2003-12-26,20.780000
2003-12-29,21.150000
2003-12-30,21.280000
2003-12-31,21.370000
2004-01-02,21.280000
2004-01-05,22.170000
2004-01-06,22.090000
2004-01-07,22.590000
2004-01-08,23.360001
2004-01-09,23.000001
2004-01-12,23.730001
2004-01-13,24.120000
2004-01-14,24.200000
2004-01-15,22.850001
2004-01-16,22.719999
2004-01-20,22.730000
2004-01-21,22.610000
2004-01-22,22.180000
2004-01-23,22.560001
2004-01-26,23.009999
2004-01-27,23.070001
2004-01-28,22.520000
2004-01-29,22.680000
2004-01-30,22.560001
2004-02-02,22.320000
2004-02-03,22.260000
2004-02-04,21.790000
2004-02-05,22.420001
2004-02-06,22.710001
2004-02-09,22.670000
2004-02-10,22.980000
2004-02-11,23.800001
2004-02-12,23.730001
2004-02-13,23.000001
2004-02-17,23.159999
2004-02-18,23.260000
2004-02-19,22.470000
2004-02-20,22.400000
2004-02-23,22.190001
2004-02-24,22.359999
2004-02-25,22.810000
2004-02-26,23.040000
2004-02-27,23.920000
2004-03-01,24.020001
2004-03-02,23.809999
2004-03-03,23.920000
2004-03-04,25.160000
2004-03-05,26.740000
2004-03-08,25.999999
2004-03-09,27.099999
2004-03-10,27.679999
2004-03-11,27.150001
2004-03-12,27.560000
2004-03-15,26.450000
2004-03-16,25.820000
2004-03-17,26.190000
2004-03-18,25.670000
2004-03-19,25.859999
2004-03-22,25.859999
2004-03-23,25.290000
2004-03-24,25.500000
2004-03-25,26.869999
2004-03-26,27.040000
2004-03-29,27.910000
2004-03-30,27.920000
2004-03-31,27.040000
2004-04-01,27.110000
2004-04-02,27.500000
2004-04-05,28.320001
2004-04-06,27.829999
2004-04-07,27.309999
2004-04-08,27.529999
2004-04-12,28.040001
2004-04-13,26.930001
2004-04-14,26.640001
2004-04-15,29.300000
2004-04-16,29.180000
2004-04-19,28.350001
2004-04-20,27.730000
2004-04-21,27.730000
2004-04-22,27.780000
2004-04-23,27.700000
2004-04-26,27.130000
2004-04-27,26.940001
2004-04-28,26.450000
2004-04-29,26.770000
2004-04-30,25.779999
2004-05-03,26.069999
2004-05-04,26.140001
2004-05-05,26.650001
2004-05-06,26.579999
2004-05-07,26.670000
2004-05-10,26.280001
2004-05-11,27.140000
2004-05-12,27.300001
2004-05-13,27.190000
2004-05-14,27.060000
2004-05-17,26.640001
2004-05-18,27.060000
2004-05-19,26.470000
2004-05-20,26.710001
2004-05-21,27.110000
2004-05-24,27.340000
2004-05-25,28.409999
2004-05-26,28.510002
2004-05-27,28.170001
2004-05-28,28.060001
2004-06-01,28.060001
2004-06-02,28.920001
2004-06-03,28.399999
2004-06-04,28.780001
2004-06-07,29.810001
2004-06-08,30.350000
2004-06-09,30.200000
2004-06-10,30.739999
2004-06-14,30.119998
2004-06-15,30.690001
2004-06-16,32.739998
2004-06-17,32.810000
2004-06-18,32.909999
2004-06-21,32.329999
2004-06-22,33.000001
2004-06-23,33.700000
2004-06-24,33.179998
2004-06-25,33.700000
2004-06-28,32.489999
2004-06-29,32.500000
2004-06-30,32.540000
2004-07-01,32.300002
2004-07-02,31.080000
2004-07-06,30.950001
2004-07-07,30.390001
2004-07-08,30.139999
2004-07-09,30.030000
2004-07-12,29.139999
2004-07-13,29.220001
2004-07-14,29.579999
2004-07-15,32.929999
2004-07-16,32.199999
2004-07-19,31.970001
2004-07-20,32.199999
2004-07-21,31.619999
2004-07-22,31.680001
2004-07-23,30.699998
2004-07-26,31.260001
2004-07-27,32.430001
2004-07-28,32.270001
2004-07-29,32.639999
2004-07-30,32.339999
2004-08-02,31.579998
2004-08-03,31.289999
2004-08-04,31.790000
2004-08-05,31.390001
2004-08-06,29.780001
2004-08-09,30.299999
2004-08-10,31.520000
2004-08-11,31.009999
2004-08-12,30.370001
2004-08-13,30.840002
2004-08-16,30.780000
2004-08-17,30.869999
2004-08-18,31.739999
2004-08-19,30.709999
2004-08-20,30.800001
2004-08-23,31.080000
2004-08-24,31.950000
2004-08-25,33.049999
2004-08-26,34.659999
2004-08-27,34.349998
2004-08-30,34.120000
2004-08-31,34.489998
2004-09-01,35.860000
2004-09-02,35.659998
2004-09-03,35.229999
2004-09-07,35.760001
2004-09-08,36.350001
2004-09-09,35.699999
2004-09-10,35.870000
2004-09-13,35.590000
2004-09-14,35.490001
2004-09-15,35.200001
2004-09-16,36.350001
2004-09-17,37.139999
2004-09-20,37.709999
2004-09-21,38.009999
2004-09-22,36.920001
2004-09-23,37.269999
2004-09-24,37.289999
2004-09-27,37.530001
2004-09-28,38.039999
2004-09-29,38.680001
2004-09-30,38.749999
2004-10-01,38.670001
2004-10-04,38.790000
2004-10-05,39.370000
2004-10-06,40.639999
2004-10-07,39.619999
2004-10-08,39.059999
2004-10-11,38.589999
2004-10-12,38.289999
2004-10-13,39.749999
2004-10-14,44.980001
2004-10-15,45.500000
2004-10-18,47.750001
2004-10-19,47.420001
2004-10-20,47.469998
2004-10-21,47.939999
2004-10-22,47.410000
2004-10-25,47.550000
2004-10-26,47.970000
2004-10-27,50.300000
2004-10-28,52.190000
2004-10-29,52.400001
2004-11-01,52.449999
2004-11-02,53.500000
2004-11-03,55.310001
2004-11-04,54.450001
2004-11-05,54.720001
2004-11-08,54.380000
2004-11-09,54.049999
2004-11-10,54.750001
2004-11-11,55.300001
2004-11-12,55.499999
2004-11-15,55.239999
2004-11-16,54.939999
2004-11-17,54.900002
2004-11-18,55.389999
2004-11-19,55.170001
2004-11-22,61.350002
2004-11-23,61.270000
2004-11-24,64.049997
2004-11-26,64.550002
2004-11-29,68.439998
2004-11-30,67.049999
2004-12-01,67.790003
2004-12-02,65.209997
2004-12-03,62.679999
2004-12-06,65.779997
2004-12-07,62.889997
2004-12-08,63.280000
2004-12-09,63.990003
2004-12-10,65.150002
2004-12-13,64.909997
2004-12-14,65.289999
2004-12-15,65.259998
2004-12-16,66.600002
2004-12-17,64.989999
2004-12-20,62.720000
2004-12-21,63.690002
2004-12-22,63.749997
2004-12-23,64.010003
2004-12-27,63.159997
2004-12-28,64.180000
2004-12-29,64.440000
2004-12-30,64.800001
2004-12-31,64.399999
2005-01-03,63.290000
2005-01-04,63.940001
2005-01-05,64.500001
2005-01-06,64.550002
2005-01-07,69.250003
2005-01-10,68.960003
2005-01-11,64.560002
2005-01-12,65.460003
2005-01-13,69.800002
2005-01-14,70.199998
2005-01-18,70.650002
2005-01-19,69.879997
2005-01-20,70.459997
2005-01-21,70.489998
2005-01-24,70.759997
2005-01-25,72.050000
2005-01-26,72.249998
2005-01-27,72.640000
2005-01-28,73.979998
2005-01-31,76.899998
2005-02-01,77.529999
2005-02-02,79.630000
2005-02-03,77.809999
2005-02-04,78.840002
2005-02-07,78.939998
2005-02-08,80.900002
2005-02-09,78.740000
2005-02-10,78.359998
2005-02-11,81.210003
2005-02-14,84.630001
2005-02-15,88.410001
2005-02-16,90.130000
2005-02-17,87.810000
2005-02-18,86.809998
2005-02-22,85.290003
2005-02-23,88.229997
2005-02-24,88.929999
2005-02-25,88.990001
2005-02-28,44.859999
2005-03-01,44.500000
2005-03-02,44.119998
2005-03-03,41.789999
2005-03-04,42.809999
2005-03-07,42.750000
2005-03-08,40.530000
2005-03-09,39.349999
2005-03-10,39.830000
2005-03-11,40.270000
2005-03-14,40.320002
2005-03-15,40.960000
2005-03-16,41.180001
2005-03-17,42.249999
2005-03-18,42.959999
2005-03-21,43.699999
2005-03-22,42.829999
2005-03-23,42.549999
2005-03-24,42.500001
2005-03-28,42.529999
2005-03-29,41.750001
2005-03-30,42.800002
2005-03-31,41.669999
2005-04-01,40.890001
2005-04-04,41.089999
2005-04-05,41.890001
2005-04-06,42.330001
2005-04-07,43.559999
2005-04-08,43.740000
2005-04-11,41.920002
2005-04-12,42.659998
2005-04-13,41.040001
2005-04-14,37.260002
2005-04-15,35.350001
2005-04-18,35.620001
2005-04-19,37.090001
2005-04-20,35.510002
2005-04-21,37.180000
2005-04-22,35.500001
2005-04-25,36.979999
2005-04-26,36.190001
2005-04-27,35.949998
2005-04-28,35.539999
2005-04-29,36.060001
2005-05-02,36.429999
2005-05-03,36.210001
2005-05-04,37.149999
2005-05-05,36.679998
2005-05-06,37.240001
2005-05-09,36.969998
2005-05-10,36.419999
2005-05-11,35.610001
2005-05-12,34.130000
2005-05-13,34.770001
2005-05-16,35.549999
2005-05-17,35.360002
2005-05-18,35.839999
2005-05-19,37.550002
2005-05-20,37.550002
2005-05-23,39.759999
2005-05-24,39.700001
2005-05-25,39.779999
2005-05-26,40.740001
2005-05-27,40.560000
2005-05-31,39.759999
2005-06-01,40.300001
2005-06-02,40.039999
2005-06-03,38.240001
2005-06-06,37.920000
2005-06-07,36.539999
2005-06-08,36.920001
2005-06-09,37.650001
2005-06-10,35.809999
2005-06-13,35.900001
2005-06-14,36.000000
2005-06-15,37.129999
2005-06-16,37.980001
2005-06-17,38.309999
2005-06-20,37.610000
2005-06-21,37.859999
2005-06-22,38.550001
2005-06-23,38.889999
2005-06-24,37.760000
2005-06-27,37.100001
2005-06-28,37.309999
2005-06-29,36.370001
2005-06-30,36.810001
2005-07-01,36.500001
2005-07-05,37.980001
2005-07-06,37.390001
2005-07-07,37.630000
2005-07-08,38.250001
2005-07-11,38.100001
2005-07-12,38.240001
2005-07-13,38.350000
2005-07-14,40.750001
2005-07-15,41.550000
2005-07-18,41.489998
2005-07-19,43.190001
2005-07-20,43.630001
2005-07-21,43.289999
2005-07-22,43.999999
2005-07-25,43.810001
2005-07-26,43.630001
2005-07-27,43.989999
2005-07-28,43.800001
2005-07-29,42.650002
2005-08-01,42.750000
2005-08-02,43.190001
2005-08-03,43.220001
2005-08-04,42.710000
2005-08-05,42.989999
2005-08-08,42.650002
2005-08-09,43.820002
2005-08-10,43.380002
2005-08-11,43.999999
2005-08-12,46.100000
2005-08-15,47.680000
2005-08-16,46.250000
2005-08-17,47.150001
2005-08-18,46.300002
2005-08-19,45.830001
2005-08-22,45.869998
2005-08-23,45.739999
2005-08-24,45.770000
2005-08-25,46.059999
2005-08-26,45.739999
2005-08-29,45.840001
2005-08-30,46.570001
2005-08-31,46.889998
2005-09-01,46.260001
2005-09-02,46.220000
2005-09-06,48.799999
2005-09-07,48.679999
2005-09-08,49.780001
2005-09-09,51.309999
2005-09-12,51.400002
2005-09-13,50.820002
2005-09-14,49.610001
2005-09-15,49.870000
2005-09-16,51.210001
2005-09-19,52.640000
2005-09-20,53.189999
2005-09-21,52.110001
2005-09-22,51.900000
2005-09-23,53.199999
2005-09-26,53.840001
2005-09-27,53.440001
2005-09-28,51.080001
2005-09-29,52.340000
2005-09-30,53.609999
2005-10-03,54.440001
2005-10-04,53.749999
2005-10-05,52.780000
2005-10-06,51.699998
2005-10-07,51.299999
2005-10-10,50.370001
2005-10-11,51.589999
2005-10-12,49.249999
2005-10-13,53.739998
2005-10-14,54.000001
2005-10-17,53.440001
2005-10-18,52.210000
2005-10-19,54.939999
2005-10-20,56.140003
2005-10-21,55.659999
2005-10-24,56.789998
2005-10-25,56.100002
2005-10-26,57.029997
2005-10-27,55.410000
2005-10-28,54.469998
2005-10-31,57.590003
2005-11-01,57.500001
2005-11-02,59.949997
2005-11-03,61.850000
2005-11-04,61.149998
2005-11-07,60.229997
2005-11-08,59.900002
2005-11-09,60.110001
2005-11-10,61.179998
2005-11-11,61.540000
2005-11-14,61.449998
2005-11-15,62.279997
2005-11-16,64.949998
2005-11-17,64.520001
2005-11-18,64.560002
2005-11-21,64.959998
2005-11-22,66.520000
2005-11-23,67.110001
2005-11-25,69.339998
2005-11-28,69.659999
2005-11-29,68.100003
2005-11-30,67.819997
2005-12-01,71.600003
2005-12-02,72.630000
2005-12-05,71.820002
2005-12-06,74.049999
2005-12-07,73.949997
2005-12-08,74.080000
2005-12-09,74.329999
2005-12-12,74.909999
2005-12-13,74.980000
2005-12-14,72.009999
2005-12-15,72.180003
2005-12-16,71.109999
2005-12-19,71.379998
2005-12-20,72.110002
2005-12-21,73.500000
2005-12-22,74.019999
2005-12-23,73.350003
2005-12-27,74.229997
2005-12-28,73.570002
2005-12-29,71.450000
2005-12-30,71.890003
2006-01-03,74.750002
2006-01-04,74.970000
2006-01-05,74.380000
2006-01-06,76.299997
2006-01-09,76.049998
2006-01-10,80.860002
2006-01-11,83.899998
2006-01-12,84.290000
2006-01-13,85.590003
2006-01-17,84.710003
2006-01-18,82.489999
2006-01-19,79.040000
2006-01-20,76.089999
2006-01-23,77.670002
2006-01-24,76.039998
2006-01-25,74.200003
2006-01-26,72.330000
2006-01-27,72.030000
2006-01-30,75.000001
2006-01-31,75.509999
2006-02-01,75.419997
2006-02-02,72.100001
2006-02-03,71.850002
2006-02-06,67.299998
2006-02-07,67.599998
2006-02-08,68.809999
2006-02-09,64.949998
2006-02-10,67.309999
2006-02-13,64.709999
2006-02-14,67.639999
2006-02-15,69.220002
2006-02-16,70.570000
2006-02-17,70.290000
2006-02-21,69.079999
2006-02-22,71.319997
2006-02-23,71.750000
2006-02-24,71.460000
2006-02-27,70.990003
2006-02-28,68.489999
2006-03-01,69.099999
2006-03-02,69.609998
2006-03-03,67.720001
2006-03-06,65.479997
2006-03-07,66.310002
2006-03-08,65.660001
2006-03-09,63.930001
2006-03-10,63.189998
2006-03-13,65.680001
2006-03-14,67.319999
2006-03-15,66.230000
2006-03-16,64.310003
2006-03-17,64.659998
2006-03-20,63.990003
2006-03-21,61.809999
2006-03-22,61.670003
2006-03-23,60.160002
2006-03-24,59.959997
2006-03-27,59.510000
2006-03-28,58.710002
2006-03-29,62.329998
2006-03-30,62.750001
2006-03-31,62.720000
2006-04-03,62.649999
2006-04-04,61.169998
2006-04-05,67.210003
2006-04-06,71.240002
2006-04-07,69.790002
2006-04-10,68.670003
2006-04-11,67.990001
2006-04-12,66.709998
2006-04-13,66.469999
2006-04-17,64.810001
2006-04-18,66.220000
2006-04-19,65.650001
2006-04-20,67.629999
2006-04-21,67.039999
2006-04-24,65.750003
2006-04-25,66.169999
2006-04-26,68.149998
2006-04-27,69.359999
2006-04-28,70.390002
2006-05-01,69.599998
2006-05-02,71.619997
2006-05-03,71.139999
2006-05-04,71.129999
2006-05-05,71.890003
2006-05-08,71.890003
2006-05-09,71.029997
2006-05-10,70.600000
2006-05-11,68.149998
2006-05-12,67.700001
2006-05-15,67.790003
2006-05-16,64.979999
2006-05-17,65.259998
2006-05-18,63.179997
2006-05-19,64.510001
2006-05-22,63.380002
2006-05-23,63.149997
2006-05-24,63.340001
2006-05-25,64.329997
2006-05-26,63.549999
2006-05-30,61.219999
2006-05-31,59.770000
2006-06-01,62.170001
2006-06-02,61.660003
2006-06-05,59.999998
2006-06-06,59.719998
2006-06-07,58.559999
2006-06-08,60.760002
2006-06-09,59.240001
2006-06-12,57.000003
2006-06-13,58.330000
2006-06-14,57.609997
2006-06-15,59.379997
2006-06-16,57.560002
2006-06-19,57.200001
2006-06-20,57.470000
2006-06-21,57.860003
2006-06-22,59.580002
2006-06-23,58.829998
2006-06-26,58.990002
2006-06-27,57.429999
2006-06-28,56.020000
2006-06-29,58.970001
2006-06-30,57.270002
2006-07-03,57.949998
2006-07-05,57.000003
2006-07-06,55.770001
2006-07-07,55.400000
2006-07-10,55.000000
2006-07-11,55.649999
2006-07-12,52.960001
2006-07-13,52.250001
2006-07-14,50.670002
2006-07-17,52.370000
2006-07-18,52.899999
2006-07-19,54.100000
2006-07-20,60.500003
2006-07-21,60.720001
2006-07-24,61.419997
2006-07-25,61.930002
2006-07-26,63.870000
2006-07-27,63.400002
2006-07-28,65.589999
2006-07-31,67.960000
2006-08-01,67.180002
2006-08-02,68.159998
2006-08-03,69.589997
2006-08-04,68.300001
2006-08-07,67.210003
2006-08-08,64.780001
2006-08-09,63.590000
2006-08-10,64.069998
2006-08-11,63.650002
2006-08-14,63.940001
2006-08-15,66.449999
2006-08-16,67.980000
2006-08-17,67.589998
2006-08-18,67.909999
2006-08-21,66.560001
2006-08-22,67.619999
2006-08-23,67.309999
2006-08-24,67.810003
2006-08-25,68.749998
2006-08-28,66.979998
2006-08-29,66.480000
2006-08-30,66.959997
2006-08-31,67.849998
2006-09-01,68.380003
2006-09-05,71.480000
2006-09-06,70.030001
2006-09-07,72.799997
2006-09-08,72.519998
2006-09-11,72.499997
2006-09-12,72.630000
2006-09-13,74.200003
2006-09-14,74.170002
2006-09-15,74.100000
2006-09-18,73.890002
2006-09-19,73.770000
2006-09-20,75.260000
2006-09-21,74.650000
2006-09-22,73.000002
2006-09-25,75.749998
2006-09-26,77.610001
2006-09-27,76.410000
2006-09-28,77.010000
2006-09-29,76.980000
2006-10-02,74.859998
2006-10-03,74.080000
2006-10-04,75.380003
2006-10-05,74.829997
2006-10-06,74.220003
2006-10-09,74.629999
2006-10-10,73.810000
2006-10-11,73.230000
2006-10-12,75.260000
2006-10-13,75.020001
2006-10-16,75.399997
2006-10-17,74.289998
2006-10-18,74.529997
2006-10-19,78.989999
2006-10-20,79.950001
2006-10-23,81.460002
2006-10-24,81.049999
2006-10-25,81.680000
2006-10-26,82.189999
2006-10-27,80.409998
2006-10-30,80.419998
2006-10-31,81.080000
2006-11-01,79.160003
2006-11-02,78.979999
2006-11-03,78.290003
2006-11-06,79.710002
2006-11-07,80.510000
2006-11-08,82.449998
2006-11-09,83.339998
2006-11-10,83.120000
2006-11-13,84.350001
2006-11-14,85.000003
2006-11-15,84.050001
2006-11-16,85.609997
2006-11-17,85.850002
2006-11-20,86.470003
2006-11-21,88.599998
2006-11-22,90.309998
2006-11-24,91.630001
2006-11-27,89.540000
2006-11-28,91.809999
2006-11-29,91.799998
2006-11-30,91.660002
2006-12-01,91.320001
2006-12-04,91.120003
2006-12-05,91.270000
2006-12-06,89.830000
2006-12-07,87.040003
2006-12-08,88.259997
2006-12-11,88.750002
2006-12-12,86.140002
2006-12-13,89.050002
2006-12-14,88.549997
2006-12-15,87.719998
2006-12-18,85.470000
2006-12-19,86.309999
2006-12-20,84.759997
2006-12-21,82.900002
2006-12-22,82.199999
2006-12-26,81.510003
2006-12-27,81.520003
2006-12-28,80.870002
2006-12-29,84.839999
2007-01-03,83.800002
2007-01-04,85.659998
2007-01-05,85.049997
2007-01-08,85.470000
2007-01-09,92.570003
2007-01-10,96.999997
2007-01-11,95.800003
2007-01-12,94.620003
2007-01-16,97.099999
2007-01-17,94.949997
2007-01-18,89.070003
2007-01-19,88.500003
2007-01-22,86.789997
2007-01-23,85.699999
2007-01-24,86.700002
2007-01-25,86.249998
2007-01-26,85.379998
2007-01-29,85.939998
2007-01-30,85.550002
2007-01-31,85.730000
2007-02-01,84.739997
2007-02-02,84.749997
2007-02-05,83.939999
2007-02-06,84.149997
2007-02-07,86.150002
2007-02-08,86.180003
2007-02-09,83.270003
2007-02-12,84.880000
2007-02-13,84.700003
2007-02-14,85.300003
2007-02-15,85.210001
2007-02-16,84.829999
2007-02-20,85.899997
2007-02-21,89.199999
2007-02-22,89.509999
2007-02-23,89.070003
2007-02-26,88.510003
2007-02-27,83.929998
2007-02-28,84.610001
2007-03-01,87.060003
2007-03-02,85.409999
2007-03-05,86.320000
2007-03-06,88.190002
2007-03-07,87.719998
2007-03-08,87.999998
2007-03-09,87.969997
2007-03-12,89.870001
2007-03-13,88.400001
2007-03-14,89.999997
2007-03-15,89.570001
2007-03-16,89.590001
2007-03-19,91.130003
2007-03-20,91.479998
2007-03-21,93.869999
2007-03-22,93.960001
2007-03-23,93.519998
2007-03-26,95.849998
2007-03-27,95.460002
2007-03-28,93.239998
2007-03-29,93.750003
2007-03-30,92.909997
2007-04-02,93.650001
2007-04-03,94.500000
2007-04-04,94.270001
2007-04-05,94.679997
2007-04-09,93.650001
2007-04-10,94.250001
2007-04-11,92.590003
2007-04-12,92.190001
2007-04-13,90.240003
2007-04-16,91.430003
2007-04-17,90.349998
2007-04-18,90.400000
2007-04-19,90.270003
2007-04-20,90.969999
2007-04-23,93.509997
2007-04-24,93.239998
2007-04-25,95.349999
2007-04-26,98.839999
2007-04-27,99.919997
2007-04-30,99.800001
2007-05-01,99.470000
2007-05-02,100.390001
2007-05-03,100.400002
2007-05-04,100.809998
2007-05-07,103.920002
2007-05-08,105.060001
2007-05-09,106.880003
2007-05-10,107.340000
2007-05-11,108.739999
2007-05-14,109.360000
2007-05-15,107.519998
2007-05-16,107.340000
2007-05-17,109.440001
2007-05-18,110.020001
2007-05-21,111.980000
2007-05-22,113.539995
2007-05-23,112.889994
2007-05-24,110.689997
2007-05-25,113.619997
2007-05-29,114.350000
2007-05-30,118.769995
2007-05-31,121.189997
2007-06-01,118.400000
2007-06-04,121.330000
2007-06-05,122.670004
2007-06-06,123.639999
2007-06-07,124.069996
2007-06-08,124.490005
2007-06-11,120.190001
2007-06-12,120.380005
2007-06-13,117.500006
2007-06-14,118.749994
2007-06-15,120.499994
2007-06-18,125.090006
2007-06-19,123.660000
2007-06-20,121.550005
2007-06-21,123.900005
2007-06-22,122.999998
2007-06-25,122.339996
2007-06-26,119.650002
2007-06-27,121.889999
2007-06-28,120.559996
2007-06-29,122.040003
2007-07-02,121.259998
2007-07-03,127.170000
2007-07-05,132.749994
2007-07-06,132.299997
2007-07-09,130.330006
2007-07-10,132.349998
2007-07-11,132.389999
2007-07-12,134.069998
2007-07-13,137.730001
2007-07-16,138.099997
2007-07-17,138.910002
2007-07-18,138.119997
2007-07-19,140.000000
2007-07-20,143.750006
2007-07-23,143.700005
2007-07-24,134.890003
2007-07-25,137.260004
2007-07-26,146.000004
2007-07-27,143.849995
2007-07-30,141.430006
2007-07-31,131.759998
2007-08-01,135.000006
2007-08-02,136.490000
2007-08-03,131.850000
2007-08-06,135.249998
2007-08-07,135.030006
2007-08-08,134.009996
2007-08-09,126.389996
2007-08-10,125.000004
2007-08-13,127.790001
2007-08-14,124.029995
2007-08-15,119.899994
2007-08-16,117.049995
2007-08-17,122.060003
2007-08-20,122.219994
2007-08-21,127.569996
2007-08-22,132.510002
2007-08-23,131.069996
2007-08-24,135.299999
2007-08-27,132.249996
2007-08-28,126.820005
2007-08-29,134.079998
2007-08-30,136.249994
2007-08-31,138.480005
2007-09-04,144.160002
2007-09-05,136.760006
2007-09-06,135.010006
2007-09-07,131.769999
2007-09-10,136.710005
2007-09-11,135.490004
2007-09-12,136.849995
2007-09-13,137.200003
2007-09-14,138.809999
2007-09-17,138.410004
2007-09-18,140.919994
2007-09-19,140.770004
2007-09-20,140.309994
2007-09-21,144.150002
2007-09-24,148.280003
2007-09-25,153.179995
2007-09-26,152.769999
2007-09-27,154.499998
2007-09-28,153.470001
2007-10-01,156.340000
2007-10-02,158.449995
2007-10-03,157.919996
2007-10-04,156.239998
2007-10-05,161.449997
2007-10-08,167.909998
2007-10-09,167.859997
2007-10-10,166.789999
2007-10-11,162.230001
2007-10-12,167.249996
2007-10-15,166.980003
2007-10-16,169.579996
2007-10-17,172.750002
2007-10-18,173.500006
2007-10-19,170.420002
2007-10-22,174.359999
2007-10-23,186.160002
2007-10-24,185.929996
2007-10-25,182.780005
2007-10-26,184.699995
2007-10-29,185.090004
2007-10-30,186.999994
2007-10-31,189.949995
2007-11-01,187.440004
2007-11-02,187.870001
2007-11-05,186.180002
2007-11-06,191.789997
2007-11-07,186.300005
2007-11-08,175.469997
2007-11-09,165.370007
2007-11-12,153.759995
2007-11-13,169.960005
2007-11-14,166.109997
2007-11-15,164.299995
2007-11-16,166.390003
2007-11-19,163.950001
2007-11-20,168.850006
2007-11-21,168.459997
2007-11-23,171.540001
2007-11-26,172.539997
2007-11-27,174.809996
2007-11-28,180.219999
2007-11-29,184.289999
2007-11-30,182.220005
2007-12-03,178.859995
2007-12-04,179.810003
2007-12-05,185.500000
2007-12-06,189.949995
2007-12-07,194.300001
2007-12-10,194.209999
2007-12-11,188.540003
2007-12-12,190.860003
2007-12-13,191.829998
2007-12-14,190.390005
2007-12-17,184.400002
2007-12-18,182.979996
2007-12-19,183.119999
2007-12-20,187.209999
2007-12-21,193.910006
2007-12-24,198.799997
2007-12-26,198.950001
2007-12-27,198.570005
2007-12-28,199.829994
2007-12-31,198.079994
2008-01-02,194.840000
2008-01-03,194.930002
2008-01-04,180.049995
2008-01-07,177.639994
2008-01-08,171.249994
2008-01-09,179.399994
2008-01-10,178.020002
2008-01-11,172.690001
2008-01-14,178.780006
2008-01-15,169.039997
2008-01-16,159.639996
2008-01-17,160.889997
2008-01-18,161.359995
2008-01-22,155.639997
2008-01-23,139.070005
2008-01-24,135.600006
2008-01-25,130.009998
2008-01-28,130.009998
2008-01-29,131.540007
2008-01-30,132.179995
2008-01-31,135.360001
2008-02-01,133.750004
2008-02-04,131.649996
2008-02-05,129.359997
2008-02-06,122.000002
2008-02-07,121.239998
2008-02-08,125.480001
2008-02-11,129.449999
2008-02-12,124.860001
2008-02-13,129.399998
2008-02-14,127.459993
2008-02-15,124.629995
2008-02-19,122.180006
2008-02-20,123.820004
2008-02-21,121.540005
2008-02-22,119.459997
2008-02-25,119.740004
2008-02-26,119.150003
2008-02-27,122.959997
2008-02-28,129.909996
2008-02-29,125.020004
2008-03-03,121.729996
2008-03-04,124.619995
2008-03-05,124.490005
2008-03-06,120.930004
2008-03-07,122.249994
2008-03-10,119.690002
2008-03-11,127.350004
2008-03-12,126.030001
2008-03-13,127.940004
2008-03-14,126.610001
2008-03-17,126.730003
2008-03-18,132.819996
2008-03-19,129.670004
2008-03-20,133.270006
2008-03-24,139.530003
2008-03-25,140.979996
2008-03-26,145.059996
2008-03-27,140.250006
2008-03-28,143.010002
2008-03-31,143.500000
2008-04-01,149.530005
2008-04-02,147.489998
2008-04-03,151.609999
2008-04-04,153.080006
2008-04-07,155.890003
2008-04-08,152.840000
2008-04-09,151.439995
2008-04-10,154.549999
2008-04-11,147.140003
2008-04-14,147.780005
2008-04-15,148.380005
2008-04-16,153.700006
2008-04-17,154.489998
2008-04-18,161.040001
2008-04-21,168.160004
2008-04-22,160.199995
2008-04-23,162.890003
2008-04-24,168.939995
2008-04-25,169.730000
2008-04-28,172.240004
2008-04-29,175.050001
2008-04-30,173.950003
2008-05-01,179.999994
2008-05-02,180.940002
2008-05-05,184.729996
2008-05-06,186.660000
2008-05-07,182.590000
2008-05-08,185.060003
2008-05-09,183.450006
2008-05-12,188.159994
2008-05-13,189.959995
2008-05-14,186.260004
2008-05-15,189.730003
2008-05-16,187.619995
2008-05-19,183.599997
2008-05-20,185.899996
2008-05-21,178.190006
2008-05-22,177.049994
2008-05-23,181.169994
2008-05-27,186.429995
2008-05-28,187.009995
2008-05-29,186.690001
2008-05-30,188.749994
2008-06-02,186.100000
2008-06-03,185.369997
2008-06-04,185.190006
2008-06-05,189.429996
2008-06-06,185.640003
2008-06-09,181.610004
2008-06-10,185.640003
2008-06-11,180.809999
2008-06-12,173.260000
2008-06-13,172.370007
2008-06-16,176.840002
2008-06-17,181.430000
2008-06-18,178.750006
2008-06-19,180.900002
2008-06-20,175.270006
2008-06-23,173.159998
2008-06-24,173.250000
2008-06-25,177.390001
2008-06-26,168.260006
2008-06-27,170.089994
2008-06-30,167.440001
2008-07-01,174.680006
2008-07-02,168.180004
2008-07-03,170.119995
2008-07-07,175.160004
2008-07-08,179.549997
2008-07-09,174.249996
2008-07-10,176.629997
2008-07-11,172.579998
2008-07-14,173.880001
2008-07-15,169.639997
2008-07-16,172.810003
2008-07-17,171.809994
2008-07-18,165.150002
2008-07-21,166.290001
2008-07-22,162.019997
2008-07-23,166.260000
2008-07-24,159.029995
2008-07-25,162.119999
2008-07-28,154.399996
2008-07-29,157.080004
2008-07-30,159.880001
2008-07-31,158.950006
2008-08-01,156.659994
2008-08-04,153.229996
2008-08-05,160.640005
2008-08-06,164.190006
2008-08-07,163.570005
2008-08-08,169.549995
2008-08-11,173.559994
2008-08-12,176.730000
2008-08-13,179.300005
2008-08-14,179.320005
2008-08-15,175.740004
2008-08-18,175.389996
2008-08-19,173.530006
2008-08-20,175.840006
2008-08-21,174.289997
2008-08-22,176.790001
2008-08-25,172.549997
2008-08-26,173.639996
2008-08-27,174.670006
2008-08-28,173.739998
2008-08-29,169.529995
2008-09-02,166.189999
2008-09-03,166.960003
2008-09-04,161.220005
2008-09-05,160.179995
2008-09-08,157.919996
2008-09-09,151.680000
2008-09-10,151.609999
2008-09-11,152.649996
2008-09-12,148.940004
2008-09-15,140.359995
2008-09-16,139.879997
2008-09-17,127.830002
2008-09-18,134.089998
2008-09-19,140.909994
2008-09-22,131.049995
2008-09-23,126.840006
2008-09-24,128.709995
2008-09-25,131.930002
2008-09-26,128.239998
2008-09-29,105.259999
2008-09-30,113.659998
2008-10-01,109.120001
2008-10-02,100.100001
2008-10-03,97.069999
2008-10-06,98.140003
2008-10-07,89.159998
2008-10-08,89.789999
2008-10-09,88.740002
2008-10-10,96.799999
2008-10-13,110.260000
2008-10-14,104.079999
2008-10-15,97.949999
2008-10-16,101.890002
2008-10-17,97.400000
2008-10-20,98.439997
2008-10-21,91.489998
2008-10-22,96.870001
2008-10-23,98.229999
2008-10-24,96.380003
2008-10-27,92.089998
2008-10-28,99.909997
2008-10-29,104.550003
2008-10-30,111.039998
2008-10-31,107.589999
2008-11-03,106.959998
2008-11-04,110.989997
2008-11-05,103.300001
2008-11-06,99.099998
2008-11-07,98.239999
2008-11-10,95.879998
2008-11-11,94.770000
2008-11-12,90.120000
2008-11-13,96.439998
2008-11-14,90.240003
2008-11-17,88.140001
2008-11-18,89.910002
2008-11-19,86.289999
2008-11-20,80.490000
2008-11-21,82.580001
2008-11-24,92.949998
2008-11-25,90.800002
2008-11-26,94.999998
2008-11-28,92.669998
2008-12-01,88.929999
2008-12-02,92.470000
2008-12-03,95.899999
2008-12-04,91.410003
2008-12-05,94.000002
2008-12-08,99.719999
2008-12-09,100.060000
2008-12-10,98.209998
2008-12-11,94.999998
2008-12-12,98.270000
2008-12-15,94.749999
2008-12-16,95.430001
2008-12-17,89.159998
2008-12-18,89.429997
2008-12-19,89.999997
2008-12-22,85.740000
2008-12-23,86.380001
2008-12-24,85.039997
2008-12-26,85.810001
2008-12-29,86.610000
2008-12-30,86.289999
2008-12-31,85.349998
2009-01-02,90.750001
2009-01-05,94.580002
2009-01-06,93.020000
2009-01-07,91.010000
2009-01-08,92.699999
2009-01-09,90.579997
2009-01-12,88.660000
2009-01-13,87.709998
2009-01-14,85.329997
2009-01-15,83.379999
2009-01-16,82.330002
2009-01-20,78.200001
2009-01-21,82.830000
2009-01-22,88.360000
2009-01-23,88.360000
2009-01-26,89.640002
2009-01-27,90.730000
2009-01-28,94.200000
2009-01-29,92.999999
2009-01-30,90.130000
2009-02-02,91.509998
2009-02-03,92.979999
2009-02-04,93.549998
2009-02-05,96.459998
2009-02-06,99.719999
2009-02-09,102.510003
2009-02-10,97.830003
2009-02-11,96.820000
2009-02-12,99.270002
2009-02-13,99.160000
2009-02-17,94.530001
2009-02-18,94.369997
2009-02-19,90.639998
2009-02-20,91.199998
2009-02-23,86.950001
2009-02-24,90.250003
2009-02-25,91.159997
2009-02-26,89.189999
2009-02-27,89.310001
2009-03-02,87.939997
2009-03-03,88.370000
2009-03-04,91.169997
2009-03-05,88.839997
2009-03-06,85.300003
2009-03-09,83.110000
2009-03-10,88.629999
2009-03-11,92.679998
2009-03-12,96.350002
2009-03-13,95.929999
2009-03-16,95.420001
2009-03-17,99.659998
2009-03-18,101.520000
2009-03-19,101.620003
2009-03-20,101.590002
2009-03-23,107.660001
2009-03-24,106.500001
2009-03-25,106.490001
2009-03-26,109.869998
2009-03-27,106.850002
2009-03-30,104.490002
2009-03-31,105.120003
2009-04-01,108.689998
2009-04-02,112.710003
2009-04-03,115.989998
2009-04-06,118.450001
2009-04-07,115.000002
2009-04-08,116.320005
2009-04-09,119.570000
2009-04-13,120.220001
2009-04-14,118.309998
2009-04-15,117.639996
2009-04-16,121.450003
2009-04-17,123.419994
2009-04-20,120.499994
2009-04-21,121.759996
2009-04-22,121.510004
2009-04-23,125.400000
2009-04-24,123.900005
2009-04-27,124.729998
2009-04-28,123.900005
2009-04-29,125.139994
2009-04-30,125.829996
2009-05-01,127.240002
2009-05-04,132.070005
2009-05-05,132.709993
2009-05-06,132.500002
2009-05-07,129.060003
2009-05-08,129.190006
2009-05-11,129.570002
2009-05-12,124.420004
2009-05-13,119.489998
2009-05-14,122.949997
2009-05-15,122.419998
2009-05-18,126.650002
2009-05-19,127.450006
2009-05-20,125.869997
2009-05-21,124.179998
2009-05-22,122.500000
2009-05-26,130.780003
2009-05-27,133.050001
2009-05-28,135.069994
2009-05-29,135.809998
2009-06-01,139.349998
2009-06-02,139.490002
2009-06-03,140.949995
2009-06-04,143.740005
2009-06-05,144.670000
2009-06-08,143.849995
2009-06-09,142.719995
2009-06-10,140.250006
2009-06-11,139.949999
2009-06-12,136.969997
2009-06-15,136.090004
2009-06-16,136.349997
2009-06-17,135.580006
2009-06-18,135.879999
2009-06-19,139.480001
2009-06-22,137.370007
2009-06-23,134.009996
2009-06-24,136.219994
2009-06-25,139.859997
2009-06-26,142.440002
2009-06-29,141.970005
2009-06-30,142.430002
2009-07-01,142.829998
2009-07-02,140.020000
2009-07-06,138.609995
2009-07-07,135.400002
2009-07-08,137.220003
2009-07-09,136.359997
2009-07-10,138.520006
2009-07-13,142.340000
2009-07-14,142.269999
2009-07-15,146.879997
2009-07-16,147.519999
2009-07-17,151.750002
2009-07-20,152.910002
2009-07-21,151.509996
2009-07-22,156.739996
2009-07-23,157.819994
2009-07-24,159.990004
2009-07-27,160.100006
2009-07-28,160.000004
2009-07-29,160.030005
2009-07-30,162.790001
2009-07-31,163.390001
2009-08-03,166.430004
2009-08-04,165.549997
2009-08-05,165.110001
2009-08-06,163.910000
2009-08-07,165.509996
2009-08-10,164.720005
2009-08-11,162.830002
2009-08-12,165.310005
2009-08-13,168.419996
2009-08-14,166.779999
2009-08-17,159.589994
2009-08-18,164.000002
2009-08-19,164.600002
2009-08-20,166.330002
2009-08-21,169.220001
2009-08-24,169.059998
2009-08-25,169.400005
2009-08-26,167.410000
2009-08-27,169.450006
2009-08-28,170.049994
2009-08-31,168.210005
2009-09-01,165.300005
2009-09-02,165.180002
2009-09-03,166.549994
2009-09-04,170.309999
2009-09-08,172.930006
2009-09-09,171.140005
2009-09-10,172.559998
2009-09-11,172.160002
2009-09-14,173.719997
2009-09-15,175.160004
2009-09-16,181.869997
2009-09-17,184.550005
2009-09-18,185.020002
2009-09-21,184.020006
2009-09-22,184.480003
2009-09-23,185.500000
2009-09-24,183.820002
2009-09-25,182.369995
2009-09-28,186.150002
2009-09-29,185.379997
2009-09-30,185.349997
2009-10-01,180.860001
2009-10-02,184.900000
2009-10-05,186.019999
2009-10-06,190.009996
2009-10-07,190.250002
2009-10-08,189.270006
2009-10-09,190.469994
2009-10-12,190.810001
2009-10-13,190.019997
2009-10-14,191.289999
2009-10-15,190.559996
2009-10-16,188.050005
2009-10-19,189.860006
2009-10-20,198.759996
2009-10-21,204.920004
2009-10-22,205.199997
2009-10-23,203.939995
2009-10-26,202.480001
2009-10-27,197.370005
2009-10-28,192.399998
2009-10-29,196.349995
2009-10-30,188.500002
2009-11-02,189.309994
2009-11-03,188.749994
2009-11-04,190.810001
2009-11-05,194.029995
2009-11-06,194.340002
2009-11-09,201.460005
2009-11-10,202.980000
2009-11-11,203.250006
2009-11-12,201.990004
2009-11-13,204.450006
2009-11-16,206.630003
2009-11-17,206.999998
2009-11-18,205.960001
2009-11-19,200.509996
2009-11-20,199.919996
2009-11-23,205.879999
2009-11-24,204.440006
2009-11-25,204.190001
2009-11-27,200.589998
2009-11-30,199.909996
2009-12-01,196.969995
2009-12-02,196.230005
2009-12-03,196.479998
2009-12-04,193.320005
2009-12-07,188.949999
2009-12-08,189.870007
2009-12-09,197.800001
2009-12-10,196.429996
2009-12-11,194.669996
2009-12-14,196.979996
2009-12-15,194.169998
2009-12-16,195.030005
2009-12-17,191.859999
2009-12-18,195.430000
2009-12-21,198.229998
2009-12-22,200.360006
2009-12-23,202.100006
2009-12-24,209.040005
2009-12-28,211.609997
2009-12-29,209.100006
2009-12-30,211.639997
2009-12-31,210.730003
2010-01-04,214.009998
2010-01-05,214.379993
2010-01-06,210.969995
2010-01-07,210.580000
2010-01-08,211.980005
2010-01-11,210.110003
2010-01-12,207.720001
2010-01-13,210.650002
2010-01-14,209.430000
2010-01-15,205.930000
2010-01-19,215.039995
2010-01-20,211.730000
2010-01-21,208.069996
2010-01-22,197.750000
2010-01-25,203.070002
2010-01-26,205.940001
2010-01-27,207.880005
2010-01-28,199.289995
2010-01-29,192.060003
2010-02-01,194.729998
2010-02-02,195.859997
2010-02-03,199.229994
2010-02-04,192.050003
2010-02-05,195.460001
2010-02-08,194.119997
2010-02-09,196.190004
2010-02-10,195.120007
2010-02-11,198.669994
2010-02-12,200.379993
2010-02-16,203.399996
2010-02-17,202.550003
2010-02-18,202.929998
2010-02-19,201.669996
2010-02-22,200.419994
2010-02-23,197.059998
2010-02-24,200.660000
2010-02-25,202.000004
2010-02-26,204.619997
2010-03-01,208.990004
2010-03-02,208.850000
2010-03-03,209.329998
2010-03-04,210.710003
2010-03-05,218.950005
2010-03-08,219.079994
2010-03-09,223.020004
2010-03-10,224.839993
2010-03-11,225.500008
2010-03-12,226.600006
2010-03-15,223.839996
2010-03-16,224.449997
2010-03-17,224.120003
2010-03-18,224.650002
2010-03-19,222.250000
2010-03-22,224.750004
2010-03-23,228.359993
2010-03-24,229.370003
2010-03-25,226.649994
2010-03-26,230.899998
2010-03-29,232.389992
2010-03-30,235.849991
2010-03-31,235.000011
2010-04-01,235.969994
2010-04-05,238.489998
2010-04-06,239.540009
2010-04-07,240.600006
2010-04-08,239.950005
2010-04-09,241.789993
2010-04-12,242.290005
2010-04-13,242.430008
2010-04-14,245.690002
2010-04-15,248.920010
2010-04-16,247.400002
2010-04-19,247.070007
2010-04-20,244.590004
2010-04-21,259.220005
2010-04-22,266.469997
2010-04-23,270.829990
2010-04-26,269.500000
2010-04-27,262.039989
2010-04-28,261.600006
2010-04-29,268.640007
2010-04-30,261.090008
2010-05-03,266.349995
2010-05-04,258.679993
2010-05-05,255.989998
2010-05-06,246.249989
2010-05-07,235.860004
2010-05-10,253.990005
2010-05-11,256.519997
2010-05-12,262.090004
2010-05-13,258.360012
2010-05-14,253.819988
2010-05-17,254.219997
2010-05-18,252.360008
2010-05-19,248.339996
2010-05-20,237.759995
2010-05-21,242.319992
2010-05-24,246.759987
2010-05-25,245.220005
2010-05-26,244.109993
2010-05-27,253.349991
2010-05-28,256.880005
2010-06-01,260.830002
2010-06-02,263.949993
2010-06-03,263.119987
2010-06-04,255.960011
2010-06-07,250.940002
2010-06-08,249.330006
2010-06-09,243.200012
2010-06-10,250.510006
2010-06-11,253.509995
2010-06-14,254.279999
2010-06-15,259.690002
2010-06-16,267.249989
2010-06-17,271.869987
2010-06-18,274.070011
2010-06-21,270.170002
2010-06-22,273.850006
2010-06-23,270.969994
2010-06-24,268.999989
2010-06-25,266.699989
2010-06-28,268.299999
2010-06-29,256.170002
2010-06-30,251.530003
2010-07-01,248.480000
2010-07-02,246.939991
2010-07-06,248.629990
2010-07-07,258.670006
2010-07-08,258.089993
2010-07-09,259.619987
2010-07-12,257.290001
2010-07-13,251.799995
2010-07-14,252.730003
2010-07-15,251.450001
2010-07-16,249.900005
2010-07-19,245.580013
2010-07-20,251.890011
2010-07-21,254.239998
2010-07-22,259.020000
2010-07-23,259.939995
2010-07-26,259.280006
2010-07-27,264.080009
2010-07-28,260.959991
2010-07-29,258.109993
2010-07-30,257.250000
2010-08-02,261.849998
2010-08-03,261.930000
2010-08-04,262.980011
2010-08-05,261.700008
2010-08-06,260.090012
2010-08-09,261.749996
2010-08-10,259.409996
2010-08-11,250.189999
2010-08-12,251.790009
2010-08-13,249.099987
2010-08-16,247.640007
2010-08-17,251.970013
2010-08-18,253.070011
2010-08-19,249.880005
2010-08-20,249.639999
2010-08-23,245.799992
2010-08-24,239.930004
2010-08-25,242.889992
2010-08-26,240.279999
2010-08-27,241.620003
2010-08-30,242.499996
2010-08-31,243.100010
2010-09-01,250.330002
2010-09-02,252.169991
2010-09-03,258.770008
2010-09-07,257.810013
2010-09-08,262.920010
2010-09-09,263.070000
2010-09-10,263.410007
2010-09-13,267.039997
2010-09-14,268.059994
2010-09-15,270.219990
2010-09-16,276.569988
2010-09-17,275.369987
2010-09-20,283.230007
2010-09-21,283.769993
2010-09-22,287.750004
2010-09-23,288.919991
2010-09-24,292.319988
2010-09-27,291.159988
2010-09-28,286.859997
2010-09-29,287.369995
2010-09-30,283.749992
2010-10-01,282.520004
2010-10-04,278.639996
2010-10-05,288.939991
2010-10-06,289.190010
2010-10-07,289.219997
2010-10-08,294.069988
2010-10-11,295.360004
2010-10-12,298.539997
2010-10-13,300.140007
2010-10-14,302.309990
2010-10-15,314.739994
2010-10-18,317.999989
2010-10-19,309.489994
2010-10-20,310.529991
2010-10-21,309.520008
2010-10-22,307.470001
2010-10-25,308.839993
2010-10-26,308.049988
2010-10-27,307.830009
2010-10-28,305.239990
2010-10-29,300.980000
2010-11-01,304.179993
2010-11-02,309.360004
2010-11-03,312.800003
2010-11-04,318.270008
2010-11-05,317.130009
2010-11-08,318.620003
2010-11-09,316.079998
2010-11-10,318.030003
2010-11-11,316.649998
2010-11-12,308.029987
2010-11-15,307.040005
2010-11-16,301.590000
2010-11-17,300.499989
2010-11-18,308.429996
2010-11-19,306.730011
2010-11-22,313.359989
2010-11-23,308.730003
2010-11-24,314.799995
2010-11-26,315.000000
2010-11-29,316.870003
2010-11-30,311.150005
2010-12-01,316.400005
2010-12-02,318.150005
2010-12-03,317.440002
2010-12-06,320.149998
2010-12-07,318.210007
2010-12-08,321.009991
2010-12-09,319.760002
2010-12-10,320.559994
2010-12-13,321.670006
2010-12-14,320.290001
2010-12-15,320.359989
2010-12-16,321.249996
2010-12-17,320.610008
2010-12-20,322.209991
2010-12-21,324.199997
2010-12-22,325.159992
2010-12-23,323.600010
2010-12-27,324.680008
2010-12-28,325.470013
2010-12-29,325.290009
2010-12-30,323.660011
2010-12-31,322.560013
2011-01-03,329.570000
2011-01-04,331.290012
2011-01-05,334.000008
2011-01-06,333.729988
2011-01-07,336.120003
2011-01-10,342.450001
2011-01-11,341.639996
2011-01-12,344.420006
2011-01-13,345.680008
2011-01-14,348.479992
2011-01-18,340.650013
2011-01-19,338.840012
2011-01-20,332.680004
2011-01-21,326.720001
2011-01-24,337.449993
2011-01-25,341.399990
2011-01-26,343.850006
2011-01-27,343.209991
2011-01-28,336.100002
2011-01-31,339.319996
2011-02-01,345.030006
2011-02-02,344.320004
2011-02-03,343.440010
2011-02-04,346.500000
2011-02-07,351.879990
2011-02-08,355.200012
2011-02-09,358.160000
2011-02-10,354.539997
2011-02-11,356.850010
2011-02-14,359.179996
2011-02-15,359.900013
2011-02-16,363.129993
2011-02-17,358.300003
2011-02-18,350.560013
2011-02-22,338.609993
2011-02-23,342.619991
2011-02-24,342.879997
2011-02-25,348.160011
2011-02-28,353.210007
2011-03-01,349.309998
2011-03-02,352.119995
2011-03-03,359.560005
2011-03-04,359.999989
2011-03-07,355.359989
2011-03-08,355.759998
2011-03-09,352.469990
2011-03-10,346.669991
2011-03-11,351.990005
2011-03-14,353.560001
2011-03-15,345.429989
2011-03-16,330.010010
2011-03-17,334.639996
2011-03-18,330.669998
2011-03-21,339.299995
2011-03-22,341.200012
2011-03-23,339.190006
2011-03-24,344.970005
2011-03-25,351.540009
2011-03-28,350.440010
2011-03-29,350.959995
2011-03-30,348.630009
2011-03-31,348.510006
2011-04-01,344.560009
2011-04-04,341.189999
2011-04-05,338.889999
2011-04-06,338.039993
2011-04-07,338.079994
2011-04-08,335.060005
2011-04-11,330.799988
2011-04-12,332.399998
2011-04-13,336.129990
2011-04-14,332.419998
2011-04-15,327.459991
2011-04-18,331.849998
2011-04-19,337.859989
2011-04-20,342.410000
2011-04-21,350.699989
2011-04-25,353.010002
2011-04-26,350.420010
2011-04-27,350.149990
2011-04-28,346.749992
2011-04-29,350.129990
2011-05-02,346.279995
2011-05-03,348.200012
2011-05-04,349.570004
2011-05-05,346.749992
2011-05-06,346.660004
2011-05-09,347.599998
2011-05-10,349.450001
2011-05-11,347.230003
2011-05-12,346.569988
2011-05-13,340.499996
2011-05-16,333.299992
2011-05-17,336.140003
2011-05-18,339.869995
2011-05-19,340.530010
2011-05-20,335.220009
2011-05-23,334.399990
2011-05-24,332.190006
2011-05-25,336.779991
2011-05-26,335.000004
2011-05-27,337.409992
2011-05-31,347.829990
2011-06-01,345.509991
2011-06-02,346.099991
2011-06-03,343.440010
2011-06-06,338.039993
2011-06-07,332.039989
2011-06-08,332.239994
2011-06-09,331.489990
2011-06-10,325.900009
2011-06-13,326.599998
2011-06-14,332.439999
2011-06-15,326.749989
2011-06-16,325.159992
2011-06-17,320.259987
2011-06-20,315.320007
2011-06-21,325.299995
2011-06-22,322.610001
2011-06-23,331.230011
2011-06-24,326.350006
2011-06-27,332.039989
2011-06-28,335.260010
2011-06-29,334.040009
2011-06-30,335.670006
2011-07-01,343.260006
2011-07-05,349.430000
2011-07-06,351.759987
2011-07-07,357.200005
2011-07-08,359.709995
2011-07-11,354.000011
2011-07-12,353.749992
2011-07-13,358.019997
2011-07-14,357.770004
2011-07-15,364.919994
2011-07-18,373.800011
2011-07-19,376.849987
2011-07-20,386.899990
2011-07-21,387.290012
2011-07-22,393.300003
2011-07-25,398.499989
2011-07-26,403.410007
2011-07-27,392.590000
2011-07-28,391.819996
2011-07-29,390.479992
2011-08-01,396.749989
2011-08-02,388.909996
2011-08-03,392.570000
2011-08-04,377.369999
2011-08-05,373.620007
2011-08-08,353.210007
2011-08-09,374.010002
2011-08-10,363.690006
2011-08-11,373.700008
2011-08-12,376.989990
2011-08-15,383.410004
2011-08-16,380.480003
2011-08-17,380.440002
2011-08-18,366.050007
2011-08-19,356.029991
2011-08-22,356.439987
2011-08-23,373.600006
2011-08-24,376.180012
2011-08-25,373.720009
2011-08-26,383.579994
2011-08-29,389.969994
2011-08-30,389.989994
2011-08-31,384.830009
2011-09-01,381.030003
2011-09-02,374.050003
2011-09-06,379.740013
2011-09-07,383.929989
2011-09-08,384.140007
2011-09-09,377.479988
2011-09-12,379.939991
2011-09-13,384.619991
2011-09-14,389.299992
2011-09-15,392.959995
2011-09-16,400.500008
2011-09-19,411.630009
2011-09-20,413.449997
2011-09-21,412.140007
2011-09-22,401.820011
2011-09-23,404.299988
2011-09-26,403.170002
2011-09-27,399.260006
2011-09-28,397.009995
2011-09-29,390.570007
2011-09-30,381.319996
2011-10-03,374.600002
2011-10-04,372.500008
2011-10-05,378.249992
2011-10-06,377.369999
2011-10-07,369.799999
2011-10-10,388.809994
2011-10-11,400.289989
2011-10-12,402.190006
2011-10-13,408.429989
2011-10-14,421.999992
2011-10-17,419.990013
2011-10-18,422.239998
2011-10-19,398.619991
2011-10-20,395.310009
2011-10-21,392.870007
2011-10-24,405.770008
2011-10-25,397.770012
2011-10-26,400.600010
2011-10-27,404.690010
2011-10-28,404.949989
2011-10-31,404.779999
2011-11-01,396.510010
2011-11-02,397.410004
2011-11-03,403.070000
2011-11-04,400.240002
2011-11-07,399.730003
2011-11-08,406.229992
2011-11-09,395.279995
2011-11-10,385.220005
2011-11-11,384.619991
2011-11-14,379.260002
2011-11-15,388.829994
2011-11-16,384.770008
2011-11-17,377.410000
2011-11-18,374.940010
2011-11-21,369.009995
2011-11-22,376.510006
2011-11-23,366.990002
2011-11-25,363.570004
2011-11-28,376.120010
2011-11-29,373.199997
2011-11-30,382.199989
2011-12-01,387.930000
2011-12-02,389.700001
2011-12-05,393.010010
2011-12-06,390.949989
2011-12-07,389.090000
2011-12-08,390.659996
2011-12-09,393.620010
2011-12-12,391.839996
2011-12-13,388.809994
2011-12-14,380.190010
2011-12-15,378.939995
2011-12-16,381.019989
2011-12-19,382.210003
2011-12-20,395.949997
2011-12-21,396.450008
2011-12-22,398.550003
2011-12-23,403.330006
2011-12-27,406.529999
2011-12-28,402.640003
2011-12-29,405.120007
2011-12-30,405.000004
2012-01-03,411.230000
2012-01-04,413.440010
2012-01-05,418.029995
2012-01-06,422.400002
2012-01-09,421.730000
2012-01-10,423.239994
2012-01-11,422.549992
2012-01-12,421.389992
2012-01-13,419.810009
2012-01-17,424.700001
2012-01-18,429.110008
2012-01-19,427.750004
2012-01-20,420.300007
2012-01-23,427.409996
2012-01-24,420.409996
2012-01-25,446.659996
2012-01-26,444.629990
2012-01-27,447.280010
2012-01-30,453.009995
2012-01-31,456.479980
2012-02-01,456.189987
2012-02-02,455.120003
2012-02-03,459.680000
2012-02-06,463.969978
2012-02-07,468.830009
2012-02-08,476.680016
2012-02-09,493.170006
2012-02-10,493.419998
2012-02-13,502.600021
2012-02-14,509.459991
2012-02-15,497.669975
2012-02-16,502.209999
2012-02-17,502.120010
2012-02-21,514.850021
2012-02-22,513.039993
2012-02-23,516.389977
2012-02-24,522.409981
2012-02-27,525.760017
2012-02-28,535.410011
2012-02-29,542.440025
2012-03-01,544.469978
2012-03-02,545.180008
2012-03-05,533.160027
2012-03-06,530.259987
2012-03-07,530.690010
2012-03-08,541.989975
2012-03-09,545.170021
2012-03-12,551.999977
2012-03-13,568.099998
2012-03-14,589.580009
2012-03-15,585.559998
2012-03-16,585.569984
2012-03-19,601.100006
2012-03-20,605.959984
2012-03-21,602.499985
2012-03-22,599.340019
2012-03-23,596.050011
2012-03-26,606.979980
2012-03-27,614.480019
2012-03-28,617.620010
2012-03-29,609.859993
2012-03-30,599.550011
2012-04-02,618.630020
2012-04-03,629.319984
2012-04-04,624.309990
2012-04-05,633.679977
2012-04-09,636.229996
2012-04-10,628.440018
2012-04-11,626.200020
2012-04-12,622.769981
2012-04-13,605.229980
2012-04-16,580.130020
2012-04-17,609.699989
2012-04-18,608.340012
2012-04-19,587.439987
2012-04-20,572.980003
2012-04-23,571.699974
2012-04-24,560.280006
2012-04-25,610.000023
2012-04-26,607.699997
2012-04-27,603.000023
2012-04-30,583.979988
2012-05-01,582.130013
2012-05-02,585.979980
2012-05-03,581.819992
2012-05-04,565.250000
2012-05-07,569.480003
2012-05-08,568.180000
2012-05-09,569.180023
2012-05-10,570.519974
2012-05-11,566.710007
2012-05-14,558.219986
2012-05-15,553.169991
2012-05-16,546.080002
2012-05-17,530.120010
2012-05-18,530.379990
2012-05-21,561.279976
2012-05-22,556.970024
2012-05-23,570.559975
2012-05-24,565.320015
2012-05-25,562.289986
2012-05-29,572.269974
2012-05-30,579.169998
2012-05-31,577.730019
2012-06-01,560.989983
2012-06-04,564.289978
2012-06-05,562.830025
2012-06-06,571.460022
2012-06-07,571.720001
2012-06-08,580.319984
2012-06-11,571.169975
2012-06-12,576.159996
2012-06-13,572.160011
2012-06-14,571.529984
2012-06-15,574.129990
2012-06-18,585.779976
2012-06-19,587.410027
2012-06-20,585.739975
2012-06-21,577.669991
2012-06-22,582.099998
2012-06-25,570.770020
2012-06-26,572.030022
2012-06-27,574.499985
2012-06-28,569.049980
2012-06-29,584.000015
2012-07-02,592.519997
2012-07-03,599.409981
2012-07-05,609.939995
2012-07-06,605.879982
2012-07-09,613.889992
2012-07-10,608.210022
2012-07-11,604.430016
2012-07-12,598.900009
2012-07-13,604.970001
2012-07-16,606.910019
2012-07-17,606.939980
2012-07-18,606.260017
2012-07-19,614.320015
2012-07-20,604.300026
2012-07-23,603.830002
2012-07-24,600.919975
2012-07-25,574.970009
2012-07-26,574.880020
2012-07-27,585.159988
2012-07-30,595.030014
2012-07-31,610.759987
2012-08-01,606.809990
2012-08-02,607.789986
2012-08-03,615.700020
2012-08-06,622.550003
2012-08-07,620.910019
2012-08-08,619.860008
2012-08-09,620.729988
2012-08-10,621.699997
2012-08-13,630.000000
2012-08-14,631.690025
2012-08-15,630.829979
2012-08-16,636.340012
2012-08-17,648.110001
2012-08-20,665.150017
2012-08-21,656.059982
2012-08-22,668.869995
2012-08-23,662.630013
2012-08-24,663.219986
2012-08-27,675.679977
2012-08-28,674.800011
2012-08-29,673.469994
2012-08-30,663.869987
2012-08-31,665.240005
2012-09-04,674.970001
2012-09-05,670.230026
2012-09-06,676.270004
2012-09-07,680.439980
2012-09-10,662.739975
2012-09-11,660.590019
2012-09-12,669.790016
2012-09-13,682.980011
2012-09-14,691.280014
2012-09-17,699.780022
2012-09-18,701.910004
2012-09-19,702.100021
2012-09-20,698.699997
2012-09-21,700.089989
2012-09-24,690.790016
2012-09-25,673.540009
2012-09-26,665.179977
2012-09-27,681.320000
2012-09-28,667.100021
2012-10-01,659.389992
2012-10-02,661.309982
2012-10-03,671.449974
2012-10-04,666.799988
2012-10-05,652.589996
2012-10-08,638.170013
2012-10-09,635.850014
2012-10-10,640.909996
2012-10-11,628.099983
2012-10-12,629.710007
2012-10-15,634.760002
2012-10-16,649.789986
2012-10-17,644.610001
2012-10-18,632.640007
2012-10-19,609.840019
2012-10-22,634.029999
2012-10-23,613.359993
2012-10-24,616.829979
2012-10-25,609.539986
2012-10-26,603.999992
2012-10-31,595.320007
2012-11-01,596.540009
2012-11-02,576.800011
2012-11-05,584.620003
2012-11-06,582.849976
2012-11-07,558.000008
2012-11-08,537.749985
2012-11-09,547.059998
2012-11-12,542.829994
2012-11-13,542.900009
2012-11-14,536.880005
2012-11-15,525.619987
2012-11-16,527.680008
2012-11-19,565.730011
2012-11-20,560.909981
2012-11-21,561.700012
2012-11-23,571.500023
2012-11-26,589.530022
2012-11-27,584.780006
2012-11-28,582.940018
2012-11-29,589.359978
2012-11-30,585.279991
2012-12-03,586.190025
2012-12-04,575.849976
2012-12-05,538.790009
2012-12-06,547.239975
2012-12-07,533.250015
2012-12-10,529.819977
2012-12-11,541.390015
2012-12-12,539.000000
2012-12-13,529.689987
2012-12-14,509.789986
2012-12-17,518.829979
2012-12-18,533.900017
2012-12-19,526.309990
2012-12-20,521.730019
2012-12-21,519.330017
2012-12-24,520.169983
2012-12-26,512.999992
2012-12-27,515.060013
2012-12-28,509.589981
2012-12-31,532.169991
2013-01-02,549.029976
2013-01-03,542.099991
2013-01-04,526.999992
2013-01-07,523.900002
2013-01-08,525.310020
2013-01-09,517.100006
2013-01-10,523.509979
2013-01-11,520.300026
2013-01-14,501.750015
2013-01-15,485.920013
2013-01-16,506.089981
2013-01-17,502.680023
2013-01-18,500.000015
2013-01-22,504.770004
2013-01-23,514.010002
2013-01-24,450.499977
2013-01-25,439.880001
2013-01-28,449.830002
2013-01-29,458.269981
2013-01-30,456.830002
2013-01-31,455.489998
2013-02-01,453.619995
2013-02-04,442.320004
2013-02-05,457.840012
2013-02-06,457.350014
2013-02-07,468.220009
2013-02-08,474.980003
2013-02-11,479.930023
2013-02-12,467.900002
2013-02-13,467.009995
2013-02-14,466.590012
2013-02-15,460.160011
2013-02-19,459.990021
2013-02-20,448.850006
2013-02-21,446.060009
2013-02-22,450.809998
2013-02-25,442.799988
2013-02-26,448.970009
2013-02-27,444.569988
2013-02-28,441.400009
2013-03-01,430.470013
2013-03-04,420.049988
2013-03-05,431.139988
2013-03-06,425.659996
2013-03-07,430.580002
2013-03-08,431.720001
2013-03-11,437.869995
2013-03-12,428.429993
2013-03-13,428.349991
2013-03-14,432.499992
2013-03-15,443.660007
2013-03-18,455.720016
2013-03-19,454.489975
2013-03-20,452.079987
2013-03-21,452.729988
2013-03-22,461.910011
2013-03-25,463.580009
2013-03-26,461.140007
2013-03-27,452.079987
2013-03-28,442.660011
2013-04-01,428.910004
2013-04-02,429.789997
2013-04-03,431.989994
2013-04-04,427.719990
2013-04-05,423.199993
2013-04-08,426.209995
2013-04-09,426.980000
2013-04-10,435.689999
2013-04-11,434.329994
2013-04-12,429.800011
2013-04-15,419.850010
2013-04-16,426.240009
2013-04-17,402.800007
2013-04-18,392.049988
2013-04-19,390.530006
2013-04-22,398.670006
2013-04-23,406.129990
2013-04-24,405.459988
2013-04-25,408.380001
2013-04-26,417.199989
2013-04-29,430.119991
2013-04-30,442.779987
2013-05-01,439.290001
2013-05-02,445.519997
2013-05-03,449.980019
2013-05-06,460.709984
2013-05-07,458.660004
2013-05-08,463.839989
2013-05-09,456.769974
2013-05-10,452.969994
2013-05-13,454.740021
2013-05-14,443.860012
2013-05-15,428.850002
2013-05-16,434.580013
2013-05-17,433.260010
2013-05-20,442.930004
2013-05-21,439.659996
2013-05-22,441.349995
2013-05-23,442.139999
2013-05-24,445.150002
2013-05-28,441.440010
2013-05-29,444.949997
2013-05-30,451.580002
2013-05-31,449.730026
2013-06-03,450.720009
2013-06-04,449.309990
2013-06-05,445.110001
2013-06-06,438.459995
2013-06-07,441.810005
2013-06-10,438.889992
2013-06-11,437.600002
2013-06-12,432.189999
2013-06-13,435.959991
2013-06-14,430.050003
2013-06-17,432.000008
2013-06-18,431.769989
2013-06-19,422.999989
2013-06-20,416.840008
2013-06-21,413.500011
2013-06-24,402.540001
2013-06-25,402.629990
2013-06-26,398.069992
2013-06-27,393.779987
2013-06-28,396.530010
2013-07-01,409.219994
2013-07-02,418.490005
2013-07-03,420.799992
2013-07-05,417.419994
2013-07-08,415.050007
2013-07-09,422.349987
2013-07-10,420.730003
2013-07-11,427.289993
2013-07-12,426.510002
2013-07-15,427.440010
2013-07-16,430.199993
2013-07-17,430.310009
2013-07-18,431.760002
2013-07-19,424.949993
2013-07-22,426.309998
2013-07-23,418.989990
2013-07-24,440.510002
2013-07-25,438.499996
2013-07-26,440.990013
2013-07-29,447.790009
2013-07-30,453.320015
2013-07-31,452.529984
2013-08-01,456.679985
2013-08-02,462.539986
2013-08-05,469.449997
2013-08-06,465.250008
2013-08-07,464.979988
2013-08-08,461.010017
2013-08-09,454.449974
2013-08-12,467.360016
2013-08-13,489.569977
2013-08-14,498.500008
2013-08-15,497.909981
2013-08-16,502.330002
2013-08-19,507.740005
2013-08-20,501.070000
2013-08-21,502.360016
2013-08-22,502.959976
2013-08-23,501.020012
2013-08-26,502.970016
2013-08-27,488.589981
2013-08-28,490.899994
2013-08-29,491.700012
2013-08-30,487.220016
2013-09-03,488.579994
2013-09-04,498.690025
2013-09-05,495.269974
2013-09-06,498.220001
2013-09-09,506.169983
2013-09-10,494.639999
2013-09-11,467.709984
2013-09-12,472.690018
2013-09-13,464.899986
2013-09-16,450.119995
2013-09-17,455.320007
2013-09-18,464.680008
2013-09-19,472.299995
2013-09-20,467.410004
2013-09-23,490.640015
2013-09-24,489.100006
2013-09-25,481.530006
2013-09-26,486.219994
2013-09-27,482.750008
2013-09-30,476.749977
2013-10-01,487.960007
2013-10-02,489.559990
2013-10-03,483.409996
2013-10-04,483.030014
2013-10-07,487.750015
2013-10-08,480.939980
2013-10-09,486.589989
2013-10-10,489.639992
2013-10-11,492.809998
2013-10-14,496.039978
2013-10-15,498.679985
2013-10-16,501.110001
2013-10-17,504.499985
2013-10-18,508.889992
2013-10-21,521.360023
2013-10-22,519.870003
2013-10-23,524.959999
2013-10-24,531.910011
2013-10-25,525.960022
2013-10-28,529.880005
2013-10-29,516.680023
2013-10-30,524.900024
2013-10-31,522.699974
2013-11-01,520.030006
2013-11-04,526.750000
2013-11-05,525.449997
2013-11-06,520.920013
2013-11-07,512.490021
2013-11-08,520.560005
2013-11-11,519.050011
2013-11-12,520.009979
2013-11-13,520.630020
2013-11-14,528.160019
2013-11-15,524.990013
2013-11-18,518.629974
2013-11-19,519.549995
2013-11-20,514.999985
2013-11-21,521.139992
2013-11-22,519.799988
2013-11-25,523.739998
2013-11-26,533.399979
2013-11-27,545.959999
2013-11-29,556.069977
2013-12-02,551.230026
2013-12-03,566.319984
2013-12-04,565.000008
2013-12-05,567.899994
2013-12-06,560.019974
2013-12-09,566.430000
2013-12-10,565.549980
2013-12-11,561.359978
2013-12-12,560.539986
2013-12-13,554.429993
2013-12-16,557.500023
2013-12-17,554.990005
2013-12-18,550.769989
2013-12-19,544.459991
2013-12-20,549.019989
2013-12-23,570.090004
2013-12-24,567.669975
2013-12-26,563.900009
2013-12-27,560.089989
2013-12-30,554.519981
2013-12-31,561.019997
