2000-01-03,116.562500
2000-01-04,112.625000
2000-01-05,113.812500
2000-01-06,110.000000
2000-01-07,111.437500
2000-01-10,112.250000
2000-01-11,109.375000
2000-01-12,105.812500
2000-01-13,107.812500
2000-01-14,112.250000
2000-01-18,115.312500
2000-01-19,107.000000
2000-01-20,106.000000
2000-01-21,103.750000
2000-01-24,101.250000
2000-01-25,102.812500
2000-01-26,99.375000
2000-01-27,98.750000
2000-01-28,98.250000
2000-01-31,97.875000
2000-02-01,102.937500
2000-02-02,100.812500
2000-02-03,103.625000
2000-02-04,106.562500
2000-02-07,106.625000
2000-02-08,109.937500
2000-02-09,104.000000
2000-02-10,106.000000
2000-02-11,99.937500
2000-02-14,99.625000
2000-02-15,98.562500
2000-02-16,97.625000
2000-02-17,99.625000
2000-02-18,95.062500
2000-02-22,93.812500
2000-02-23,94.250000
2000-02-24,94.750000
2000-02-25,91.312500
2000-02-28,91.562500
2000-02-29,89.375000
2000-03-01,90.812500
2000-03-02,93.375000
2000-03-03,96.125000
2000-03-06,90.625000
2000-03-07,92.875000
2000-03-08,95.562500
2000-03-09,100.000000
2000-03-10,101.000000
2000-03-13,98.000000
2000-03-14,95.125000
2000-03-15,95.375000
2000-03-16,95.375000
2000-03-17,99.375000
2000-03-20,97.375000
2000-03-21,102.750000
2000-03-22,103.250000
2000-03-23,111.875000
2000-03-24,111.687500
2000-03-27,104.062500
2000-03-28,104.312500
2000-03-29,107.187500
2000-03-30,103.375000
2000-03-31,106.250000
2000-04-03,90.875000
2000-04-04,88.562500
2000-04-05,86.375000
2000-04-06,86.000000
2000-04-07,89.062500
2000-04-10,86.062500
2000-04-11,83.875000
2000-04-12,79.375000
2000-04-13,79.250000
2000-04-14,74.125000
2000-04-17,75.875000
2000-04-18,80.562500
2000-04-19,78.687500
2000-04-20,78.937500
2000-04-24,66.625000
2000-04-25,69.375000
2000-04-26,68.000000
2000-04-27,69.812500
2000-04-28,69.750000
2000-05-01,73.437500
2000-05-02,69.875000
2000-05-03,70.562500
2000-05-04,70.437500
2000-05-05,71.125000
2000-05-08,69.812500
2000-05-09,67.812500
2000-05-10,66.187500
2000-05-11,67.875000
2000-05-12,68.812500
2000-05-15,69.375000
2000-05-16,69.500000
2000-05-17,67.687500
2000-05-18,66.187500
2000-05-19,65.062500
2000-05-22,64.187500
2000-05-23,63.187500
2000-05-24,65.562500
2000-05-25,61.500000
2000-05-26,61.437500
2000-05-30,63.375000
2000-05-31,62.562500
2000-06-01,64.562500
2000-06-02,66.312500
2000-06-05,66.875000
2000-06-06,69.625000
2000-06-07,70.500000
2000-06-08,68.812500
2000-06-09,68.812500
2000-06-12,66.875000
2000-06-13,67.875000
2000-06-14,70.500000
2000-06-15,72.375000
2000-06-16,72.562500
2000-06-19,73.687500
2000-06-20,74.937500
2000-06-21,80.687500
2000-06-22,79.875000
2000-06-23,77.687500
2000-06-26,79.500000
2000-06-27,78.812500
2000-06-28,78.937500
2000-06-29,77.187500
2000-06-30,80.000000
2000-07-03,80.000000
2000-07-05,78.500000
2000-07-06,80.937500
2000-07-07,82.000000
2000-07-10,79.437500
2000-07-11,79.125000
2000-07-12,80.312500
2000-07-13,79.937500
2000-07-14,78.937500
2000-07-17,78.187500
2000-07-18,78.500000
2000-07-19,73.125000
2000-07-20,74.812500
2000-07-21,72.312500
2000-07-24,70.562500
2000-07-25,69.000000
2000-07-26,67.812500
2000-07-27,69.375000
2000-07-28,69.687500
2000-07-31,69.812500
2000-08-01,68.687500
2000-08-02,69.375000
2000-08-03,70.250000
2000-08-04,69.125000
2000-08-07,70.000000
2000-08-08,74.125000
2000-08-09,74.250000
2000-08-10,72.625000
2000-08-11,72.437500
2000-08-14,72.187500
2000-08-15,71.625000
2000-08-16,71.000000
2000-08-17,71.562500
2000-08-18,71.000000
2000-08-21,70.625000
2000-08-22,71.250000
2000-08-23,70.750000
2000-08-24,71.125000
2000-08-25,70.625000
2000-08-28,71.312500
2000-08-29,70.937500
2000-08-30,70.000000
2000-08-31,69.812500
2000-09-01,70.187500
2000-09-05,70.125000
2000-09-06,69.437500
2000-09-07,70.062500
2000-09-08,69.312500
2000-09-11,68.812500
2000-09-12,68.125000
2000-09-13,68.250000
2000-09-14,65.812500
2000-09-15,64.187500
2000-09-18,63.000000
2000-09-19,65.000000
2000-09-20,64.250000
2000-09-21,64.187500
2000-09-22,63.250000
2000-09-25,61.250000
2000-09-26,62.687500
2000-09-27,60.625000
2000-09-28,61.312500
2000-09-29,60.312500
2000-10-02,59.125000
2000-10-03,56.562500
2000-10-04,55.437500
2000-10-05,55.375000
2000-10-06,55.562500
2000-10-09,54.187500
2000-10-10,54.562500
2000-10-11,55.750000
2000-10-12,54.375000
2000-10-13,53.750000
2000-10-16,50.375000
2000-10-17,50.437500
2000-10-18,51.750000
2000-10-19,61.875000
2000-10-20,65.187500
2000-10-23,62.125000
2000-10-24,61.500000
2000-10-25,61.250000
2000-10-26,64.437500
2000-10-27,67.687500
2000-10-30,69.062500
2000-10-31,68.875000
2000-11-01,69.625000
2000-11-02,70.312500
2000-11-03,68.250000
2000-11-06,69.500000
2000-11-07,70.500000
2000-11-08,69.437500
2000-11-09,70.875000
2000-11-10,67.375000
2000-11-13,66.437500
2000-11-14,68.812500
2000-11-15,70.062500
2000-11-16,68.937500
2000-11-17,69.062500
2000-11-20,67.187500
2000-11-21,67.750000
2000-11-22,68.250000
2000-11-24,69.937500
2000-11-27,70.687500
2000-11-28,67.000000
2000-11-29,65.062500
2000-11-30,57.375000
2000-12-01,56.625000
2000-12-04,56.437500
2000-12-05,59.875000
2000-12-06,56.687500
2000-12-07,53.125000
2000-12-08,54.437500
2000-12-11,58.062500
2000-12-12,58.375000
2000-12-13,57.250000
2000-12-14,55.500000
2000-12-15,49.187500
2000-12-18,47.812500
2000-12-19,44.812500
2000-12-20,41.500000
2000-12-21,43.437500
2000-12-22,46.437500
2000-12-26,46.875000
2000-12-27,46.437500
2000-12-28,44.562500
2000-12-29,43.375000
2001-01-02,43.375000
2001-01-03,47.937500
2001-01-04,48.437500
2001-01-05,49.125000
2001-01-08,48.937500
2001-01-09,51.812500
2001-01-10,52.875000
2001-01-11,55.000000
2001-01-12,53.500000
2001-01-16,52.562500
2001-01-17,52.937500
2001-01-18,55.500000
2001-01-19,61.000000
2001-01-22,60.125000
2001-01-23,60.562500
2001-01-24,62.937500
2001-01-25,61.812500
2001-01-26,64.000000
2001-01-29,64.500000
2001-01-30,63.375000
2001-01-31,61.062500
2001-02-01,62.375000
2001-02-02,60.812500
2001-02-05,61.937500
2001-02-06,62.562500
2001-02-07,64.687500
2001-02-08,62.250000
2001-02-09,59.125000
2001-02-12,58.750000
2001-02-13,58.187500
2001-02-14,58.375000
2001-02-15,58.812500
2001-02-16,57.312500
2001-02-20,55.875000
2001-02-21,56.250000
2001-02-22,55.187500
2001-02-23,56.750000
2001-02-26,59.562500
2001-02-27,59.375000
2001-02-28,59.000000
2001-03-01,59.359379
2001-03-02,56.687500
2001-03-05,57.437500
2001-03-06,59.437500
2001-03-07,60.687500
2001-03-08,59.250000
2001-03-09,56.687500
2001-03-12,51.937500
2001-03-13,54.187500
2001-03-14,54.000000
2001-03-15,53.687500
2001-03-16,54.562500
2001-03-19,54.312500
2001-03-20,52.687500
2001-03-21,50.062500
2001-03-22,54.000000
2001-03-23,56.562500
2001-03-26,56.062500
2001-03-27,58.250000
2001-03-28,55.562500
2001-03-29,55.375000
2001-03-30,54.687500
2001-04-02,55.812500
2001-04-03,53.375000
2001-04-04,51.937500
2001-04-05,56.750000
2001-04-06,56.187500
2001-04-09,57.150002
2001-04-10,59.680000
2001-04-11,60.040001
2001-04-12,62.180000
2001-04-16,60.790001
2001-04-17,61.480000
2001-04-18,65.430000
2001-04-19,68.040001
2001-04-20,69.000000
2001-04-23,68.250000
2001-04-24,67.550003
2001-04-25,69.690002
2001-04-26,69.129997
2001-04-27,67.120003
2001-04-30,67.750000
2001-05-01,70.169998
2001-05-02,69.760002
2001-05-03,68.529999
2001-05-04,70.750000
2001-05-07,71.379997
2001-05-08,72.059998
2001-05-09,70.400002
2001-05-10,70.000000
2001-05-11,69.400002
2001-05-14,68.720001
2001-05-15,68.269997
2001-05-16,69.160004
2001-05-17,68.169998
2001-05-18,68.089996
2001-05-21,68.790001
2001-05-22,70.309998
2001-05-23,69.699997
2001-05-24,71.720001
2001-05-25,70.910004
2001-05-29,70.339996
2001-05-30,69.190002
2001-05-31,69.180000
2001-06-01,70.339996
2001-06-04,70.779999
2001-06-05,72.599998
2001-06-06,72.360001
2001-06-07,73.680000
2001-06-08,73.190002
2001-06-11,72.120003
2001-06-12,72.080002
2001-06-13,70.690002
2001-06-14,68.900002
2001-06-15,68.019997
2001-06-18,66.879997
2001-06-19,67.320000
2001-06-20,69.410004
2001-06-21,69.839996
2001-06-22,68.830002
2001-06-25,68.849998
2001-06-26,70.139999
2001-06-27,71.139999
2001-06-28,72.739998
2001-06-29,73.000000
2001-07-02,70.599998
2001-07-03,70.470001
2001-07-05,68.510002
2001-07-06,66.059998
2001-07-09,65.690002
2001-07-10,64.480003
2001-07-11,66.500000
2001-07-12,71.599998
2001-07-13,71.339996
2001-07-16,71.180000
2001-07-17,71.820000
2001-07-18,70.570000
2001-07-19,72.570000
2001-07-20,69.180000
2001-07-23,67.089996
2001-07-24,66.320000
2001-07-25,67.480003
2001-07-26,66.589996
2001-07-27,65.470001
2001-07-30,65.800003
2001-07-31,66.190002
2001-08-01,66.470001
2001-08-02,67.449997
2001-08-03,66.889999
2001-08-06,66.129997
2001-08-07,66.349998
2001-08-08,64.860001
2001-08-09,65.010002
2001-08-10,65.519997
2001-08-13,65.830002
2001-08-14,64.690002
2001-08-15,63.200001
2001-08-16,64.620003
2001-08-17,61.880001
2001-08-20,62.700001
2001-08-21,60.779999
2001-08-22,60.660000
2001-08-23,59.119999
2001-08-24,62.049999
2001-08-27,62.310001
2001-08-28,60.740002
2001-08-29,60.250000
2001-08-30,56.939999
2001-08-31,57.049999
2001-09-04,56.099998
2001-09-05,57.740002
2001-09-06,56.020000
2001-09-07,55.400002
2001-09-10,57.580002
2001-09-17,52.910000
2001-09-18,54.320000
2001-09-19,53.869999
2001-09-20,50.759998
2001-09-21,49.709999
2001-09-24,52.009998
2001-09-25,51.299999
2001-09-26,50.270000
2001-09-27,49.959999
2001-09-28,51.169998
2001-10-01,51.790001
2001-10-02,53.049999
2001-10-03,56.230000
2001-10-04,56.439999
2001-10-05,57.720001
2001-10-08,58.040001
2001-10-09,54.560001
2001-10-10,55.509998
2001-10-11,56.320000
2001-10-12,56.380001
2001-10-15,58.060001
2001-10-16,58.450001
2001-10-17,56.029999
2001-10-18,56.750000
2001-10-19,57.900002
2001-10-22,60.160000
2001-10-23,60.430000
2001-10-24,61.320000
2001-10-25,62.560001
2001-10-26,62.200001
2001-10-29,59.639999
2001-10-30,58.880001
2001-10-31,58.150002
2001-11-01,61.840000
2001-11-02,61.400002
2001-11-05,63.270000
2001-11-06,64.779999
2001-11-07,64.250000
2001-11-08,64.419998
2001-11-09,65.209999
2001-11-12,65.790001
2001-11-13,67.900002
2001-11-14,65.949997
2001-11-15,66.120003
2001-11-16,65.750000
2001-11-19,66.540001
2001-11-20,65.400002
2001-11-21,64.050003
2001-11-23,64.709999
2001-11-26,65.139999
2001-11-27,63.740002
2001-11-28,62.799999
2001-11-29,64.839996
2001-11-30,64.209999
2001-12-03,64.769997
2001-12-04,66.000000
2001-12-05,68.099998
2001-12-06,68.650002
2001-12-07,67.830002
2001-12-10,67.059998
2001-12-11,67.320000
2001-12-12,67.949997
2001-12-13,66.269997
2001-12-14,67.440002
2001-12-17,68.980003
2001-12-18,69.269997
2001-12-19,69.489998
2001-12-20,66.760002
2001-12-21,67.540001
2001-12-24,67.269997
2001-12-26,67.680000
2001-12-27,67.849998
2001-12-28,67.870003
2001-12-31,66.250000
2002-01-02,67.040001
2002-01-03,69.230003
2002-01-04,68.900002
2002-01-07,68.559998
2002-01-08,69.379997
2002-01-09,68.709999
2002-01-10,69.279999
2002-01-11,68.610001
2002-01-14,68.470001
2002-01-15,69.550003
2002-01-16,67.870003
2002-01-17,69.860001
2002-01-18,66.099998
2002-01-22,64.459999
2002-01-23,63.740002
2002-01-24,64.599998
2002-01-25,63.799999
2002-01-28,63.820000
2002-01-29,62.320000
2002-01-30,62.849998
2002-01-31,63.709999
2002-02-01,62.660000
2002-02-04,61.119999
2002-02-05,61.150002
2002-02-06,60.400002
2002-02-07,59.799999
2002-02-08,60.650002
2002-02-11,61.130001
2002-02-12,60.139999
2002-02-13,61.820000
2002-02-14,61.680000
2002-02-15,60.230000
2002-02-19,58.930000
2002-02-20,59.900002
2002-02-21,58.049999
2002-02-22,57.990002
2002-02-25,59.080002
2002-02-26,58.549999
2002-02-27,58.389999
2002-02-28,58.340000
2002-03-01,61.369999
2002-03-04,63.299999
2002-03-05,63.080002
2002-03-06,63.630001
2002-03-07,62.720001
2002-03-08,63.950001
2002-03-11,64.339996
2002-03-12,62.540001
2002-03-13,62.099998
2002-03-14,61.220001
2002-03-15,62.490002
2002-03-18,62.139999
2002-03-19,62.230000
2002-03-20,60.099998
2002-03-21,61.360001
2002-03-22,60.450001
2002-03-25,59.230000
2002-03-26,59.080002
2002-03-27,59.439999
2002-03-28,60.310001
2002-04-01,60.380001
2002-04-02,57.279999
2002-04-03,56.330002
2002-04-04,56.450001
2002-04-05,55.869999
2002-04-08,57.220001
2002-04-09,54.869999
2002-04-10,56.299999
2002-04-11,54.790001
2002-04-12,55.930000
2002-04-15,55.689999
2002-04-16,57.810001
2002-04-17,56.630001
2002-04-18,56.369999
2002-04-19,57.200001
2002-04-22,55.590000
2002-04-23,53.990002
2002-04-24,53.020000
2002-04-25,53.730000
2002-04-26,51.500000
2002-04-29,52.240002
2002-04-30,52.259998
2002-05-01,52.750000
2002-05-02,51.209999
2002-05-03,49.560001
2002-05-06,48.619999
2002-05-07,49.470001
2002-05-08,54.970001
2002-05-09,52.119999
2002-05-10,50.049999
2002-05-13,52.689999
2002-05-14,54.880001
2002-05-15,54.750000
2002-05-16,55.740002
2002-05-17,56.029999
2002-05-20,54.009998
2002-05-21,52.189999
2002-05-22,53.689999
2002-05-23,54.820000
2002-05-24,53.259998
2002-05-28,52.320000
2002-05-29,52.049999
2002-05-30,52.639999
2002-05-31,50.910000
2002-06-03,49.419998
2002-06-04,49.980000
2002-06-05,51.660000
2002-06-06,51.900002
2002-06-07,51.980000
2002-06-10,52.820000
2002-06-11,52.570000
2002-06-12,55.540001
2002-06-13,54.220001
2002-06-14,55.250000
2002-06-17,55.680000
2002-06-18,55.990002
2002-06-19,54.360001
2002-06-20,54.099998
2002-06-21,52.279999
2002-06-24,54.160000
2002-06-25,52.950001
2002-06-26,54.130001
2002-06-27,54.919998
2002-06-28,54.700001
2002-07-01,52.660000
2002-07-02,51.439999
2002-07-03,51.840000
2002-07-05,54.849998
2002-07-08,52.919998
2002-07-09,53.209999
2002-07-10,52.240002
2002-07-11,52.910000
2002-07-12,51.860001
2002-07-15,51.799999
2002-07-16,51.250000
2002-07-17,52.000000
2002-07-18,51.110001
2002-07-19,49.560001
2002-07-22,47.509998
2002-07-23,43.009998
2002-07-24,46.230000
2002-07-25,42.830002
2002-07-26,45.349998
2002-07-29,48.250000
2002-07-30,48.099998
2002-07-31,47.980000
2002-08-01,45.750000
2002-08-02,44.410000
2002-08-05,43.990002
2002-08-06,45.669998
2002-08-07,47.090000
2002-08-08,48.910000
2002-08-09,48.119999
2002-08-12,48.470001
2002-08-13,47.060001
2002-08-14,49.709999
2002-08-15,49.770000
2002-08-16,50.000000
2002-08-19,52.000000
2002-08-20,51.040001
2002-08-21,52.279999
2002-08-22,53.230000
2002-08-23,52.220001
2002-08-26,52.099998
2002-08-27,50.840000
2002-08-28,49.380001
2002-08-29,50.580002
2002-08-30,49.080002
2002-09-03,47.020000
2002-09-04,48.209999
2002-09-05,45.910000
2002-09-06,47.820000
2002-09-09,48.700001
2002-09-10,49.790001
2002-09-11,48.580002
2002-09-12,47.150002
2002-09-13,47.910000
2002-09-16,47.779999
2002-09-17,47.290001
2002-09-18,47.750000
2002-09-19,47.200001
2002-09-20,47.459999
2002-09-23,45.230000
2002-09-24,45.639999
2002-09-25,46.509998
2002-09-26,46.200001
2002-09-27,45.250000
2002-09-30,43.740002
2002-10-01,46.230000
2002-10-02,45.610001
2002-10-03,44.799999
2002-10-04,43.770000
2002-10-07,44.049999
2002-10-08,44.990002
2002-10-09,43.990002
2002-10-10,46.380001
2002-10-11,48.869999
2002-10-14,49.290001
2002-10-15,52.290001
2002-10-16,50.410000
2002-10-17,50.770000
2002-10-18,53.150002
2002-10-21,52.509998
2002-10-22,51.669998
2002-10-23,53.200001
2002-10-24,51.230000
2002-10-25,52.680000
2002-10-28,51.950001
2002-10-29,52.070000
2002-10-30,53.110001
2002-10-31,53.470001
2002-11-01,53.000000
2002-11-04,56.099998
2002-11-05,56.680000
2002-11-06,57.029999
2002-11-07,56.009998
2002-11-08,55.099998
2002-11-11,53.860001
2002-11-12,54.509998
2002-11-13,55.360001
2002-11-14,56.990002
2002-11-15,56.689999
2002-11-18,55.849998
2002-11-19,54.860001
2002-11-20,56.619999
2002-11-21,57.840000
2002-11-22,58.220001
2002-11-25,58.230000
2002-11-26,56.900002
2002-11-27,58.080002
2002-11-29,57.680000
2002-12-02,57.689999
2002-12-03,56.709999
2002-12-04,56.540001
2002-12-05,55.340000
2002-12-06,55.470001
2002-12-09,53.529999
2002-12-10,54.009998
2002-12-11,54.660000
2002-12-12,54.169998
2002-12-13,52.500000
2002-12-16,54.480000
2002-12-17,54.360001
2002-12-18,53.529999
2002-12-19,53.110001
2002-12-20,53.040001
2002-12-23,54.000000
2002-12-24,53.820000
2002-12-26,53.389999
2002-12-27,52.970001
2002-12-30,52.750000
2002-12-31,51.700001
2003-01-02,53.720001
2003-01-03,53.790001
2003-01-06,54.770000
2003-01-07,55.799999
2003-01-08,54.240002
2003-01-09,55.810001
2003-01-10,55.919998
2003-01-13,56.389999
2003-01-14,56.970001
2003-01-15,56.270000
2003-01-16,55.349998
2003-01-17,51.459999
2003-01-21,51.330002
2003-01-22,51.000000
2003-01-23,52.279999
2003-01-24,49.849998
2003-01-27,49.169998
2003-01-28,48.820000
2003-01-29,49.910000
2003-01-30,48.240002
2003-01-31,47.459999
2003-02-03,48.560001
2003-02-04,47.320000
2003-02-05,46.959999
2003-02-06,47.419998
2003-02-07,46.580002
2003-02-10,47.380001
2003-02-11,46.439999
2003-02-12,46.439999
2003-02-13,46.990002
2003-02-14,48.299999
2003-02-18,24.959999
2003-02-19,24.530001
2003-02-20,24.139999
2003-02-21,24.629999
2003-02-24,24.070000
2003-02-25,24.190001
2003-02-26,23.610001
2003-02-27,23.580000
2003-02-28,23.700001
2003-03-03,23.540001
2003-03-04,23.070000
2003-03-05,23.440001
2003-03-06,23.270000
2003-03-07,23.559999
2003-03-10,22.950001
2003-03-11,22.799999
2003-03-12,23.389999
2003-03-13,24.670000
2003-03-14,24.860001
2003-03-17,25.930000
2003-03-18,26.040001
2003-03-19,26.320000
2003-03-20,26.250000
2003-03-21,26.570000
2003-03-24,25.290001
2003-03-25,25.490000
2003-03-26,25.250000
2003-03-27,25.040001
2003-03-28,24.670000
2003-03-31,24.209999
2003-04-01,24.350000
2003-04-02,25.719999
2003-04-03,25.730000
2003-04-04,25.090000
2003-04-07,25.170000
2003-04-08,25.580000
2003-04-09,24.570000
2003-04-10,24.590000
2003-04-11,24.200001
2003-04-14,24.760000
2003-04-15,24.600000
2003-04-16,24.920000
2003-04-17,25.500000
2003-04-21,25.209999
2003-04-22,25.760000
2003-04-23,25.719999
2003-04-24,25.490000
2003-04-25,25.219999
2003-04-28,25.740000
2003-04-29,25.799999
2003-04-30,25.570000
2003-05-01,25.719999
2003-05-02,26.100000
2003-05-05,25.860001
2003-05-06,26.370001
2003-05-07,25.990000
2003-05-08,25.740000
2003-05-09,26.360001
2003-05-12,26.200001
2003-05-13,25.990000
2003-05-14,25.620001
2003-05-15,25.790001
2003-05-16,25.570000
2003-05-19,24.760000
2003-05-20,24.629999
2003-05-21,24.030001
2003-05-22,24.160000
2003-05-23,24.219999
2003-05-27,24.790001
2003-05-28,24.410000
2003-05-29,24.400000
2003-05-30,24.610001
2003-06-02,24.639999
2003-06-03,24.879999
2003-06-04,24.870001
2003-06-05,24.090000
2003-06-06,23.670000
2003-06-09,23.750000
2003-06-10,24.680000
2003-06-11,24.879999
2003-06-12,24.990000
2003-06-13,24.650000
2003-06-16,25.389999
2003-06-17,25.959999
2003-06-18,26.070000
2003-06-19,26.070000
2003-06-20,26.330000
2003-06-23,25.780001
2003-06-24,25.700001
2003-06-25,25.260000
2003-06-26,25.750000
2003-06-27,25.629999
2003-06-30,25.639999
2003-07-01,26.150000
2003-07-02,26.879999
2003-07-03,26.500000
2003-07-07,27.420000
2003-07-08,27.700001
2003-07-09,27.469999
2003-07-10,26.910000
2003-07-11,27.309999
2003-07-14,27.400000
2003-07-15,27.270000
2003-07-16,27.520000
2003-07-17,26.690001
2003-07-18,26.889999
2003-07-21,26.040001
2003-07-22,26.379999
2003-07-23,26.450001
2003-07-24,26.000000
2003-07-25,26.889999
2003-07-28,26.610001
2003-07-29,26.469999
2003-07-30,26.230000
2003-07-31,26.410000
2003-08-01,26.170000
2003-08-04,26.180000
2003-08-05,25.660000
2003-08-06,25.650000
2003-08-07,25.709999
2003-08-08,25.580000
2003-08-11,25.610001
2003-08-12,25.730000
2003-08-13,25.600000
2003-08-14,25.629999
2003-08-15,25.540001
2003-08-18,25.700001
2003-08-19,26.620001
2003-08-20,26.450001
2003-08-21,26.240000
2003-08-22,26.219999
2003-08-25,26.500000
2003-08-26,26.570000
2003-08-27,26.420000
2003-08-28,26.510000
2003-08-29,26.520000
2003-09-02,27.260000
2003-09-03,28.299999
2003-09-04,28.430000
2003-09-05,28.379999
2003-09-08,28.840000
2003-09-09,28.370001
2003-09-10,27.549999
2003-09-11,27.840000
2003-09-12,28.340000
2003-09-15,28.360001
2003-09-16,28.900000
2003-09-17,28.500000
2003-09-18,29.500000
2003-09-19,29.959999
2003-09-22,29.070000
2003-09-23,29.600000
2003-09-24,28.459999
2003-09-25,28.240000
2003-09-26,28.190001
2003-09-29,28.830000
2003-09-30,27.799999
2003-10-01,28.520000
2003-10-02,28.500000
2003-10-03,29.080000
2003-10-06,29.190001
2003-10-07,29.139999
2003-10-08,28.820000
2003-10-09,28.940001
2003-10-10,28.910000
2003-10-13,28.780001
2003-10-14,28.680000
2003-10-15,29.070000
2003-10-16,29.230000
2003-10-17,28.930000
2003-10-20,29.350000
2003-10-21,29.350000
2003-10-22,28.889999
2003-10-23,28.910000
2003-10-24,26.610001
2003-10-27,26.910000
2003-10-28,27.200001
2003-10-29,26.740000
2003-10-30,26.120001
2003-10-31,26.139999
2003-11-03,26.680000
2003-11-04,26.070000
2003-11-05,26.100000
2003-11-06,26.230000
2003-11-07,26.100000
2003-11-10,26.000000
2003-11-11,25.799999
2003-11-12,25.980000
2003-11-13,25.690001
2003-11-14,25.500000
2003-11-17,25.150000
2003-11-18,25.150000
2003-11-19,25.350000
2003-11-20,25.100000
2003-11-21,25.110001
2003-11-24,25.730000
2003-11-25,25.400000
2003-11-26,25.450001
2003-11-28,25.709999
2003-12-01,25.840000
2003-12-02,25.660000
2003-12-03,25.670000
2003-12-04,26.200001
2003-12-05,25.980000
2003-12-08,26.240000
2003-12-09,26.379999
2003-12-10,26.590000
2003-12-11,26.610001
2003-12-12,26.650000
2003-12-15,26.740000
2003-12-16,27.059999
2003-12-17,27.040001
2003-12-18,27.400000
2003-12-19,27.360001
2003-12-22,27.180000
2003-12-23,27.150000
2003-12-24,27.040001
2003-12-26,27.209999
2003-12-29,27.459999
2003-12-30,27.520000
2003-12-31,27.370001
2004-01-02,27.450001
2004-01-05,28.139999
2004-01-06,28.240000
2004-01-07,28.209999
2004-01-08,28.160000
2004-01-09,27.660000
2004-01-12,27.570000
2004-01-13,27.430000
2004-01-14,27.700001
2004-01-15,27.540001
2004-01-16,27.809999
2004-01-20,28.100000
2004-01-21,28.299999
2004-01-22,28.010000
2004-01-23,28.480000
2004-01-26,28.799999
2004-01-27,28.250000
2004-01-28,27.709999
2004-01-29,27.910000
2004-01-30,27.650000
2004-02-02,27.400000
2004-02-03,27.290001
2004-02-04,27.010000
2004-02-05,26.959999
2004-02-06,27.080000
2004-02-09,26.900000
2004-02-10,27.020000
2004-02-11,27.150000
2004-02-12,26.950001
2004-02-13,26.590000
2004-02-17,26.990000
2004-02-18,26.770000
2004-02-19,26.459999
2004-02-20,26.570000
2004-02-23,26.610001
2004-02-24,26.879999
2004-02-25,26.700001
2004-02-26,26.500000
2004-02-27,26.530001
2004-03-01,26.700001
2004-03-02,26.389999
2004-03-03,26.370001
2004-03-04,26.370001
2004-03-05,26.350000
2004-03-08,25.830000
2004-03-09,25.719999
2004-03-10,25.370001
2004-03-11,25.090000
2004-03-12,25.379999
2004-03-15,25.160000
2004-03-16,25.180000
2004-03-17,25.129999
2004-03-18,24.889999
2004-03-19,24.629999
2004-03-22,24.500000
2004-03-23,24.150000
2004-03-24,24.410000
2004-03-25,25.190001
2004-03-26,25.030001
2004-03-29,25.309999
2004-03-30,25.200001
2004-03-31,24.930000
2004-04-01,25.080000
2004-04-02,25.850000
2004-04-05,25.950001
2004-04-06,25.799999
2004-04-07,25.590000
2004-04-08,25.480000
2004-04-12,25.610001
2004-04-13,25.450001
2004-04-14,25.510000
2004-04-15,25.219999
2004-04-16,25.160000
2004-04-19,25.530001
2004-04-20,25.330000
2004-04-21,25.450001
2004-04-22,25.950001
2004-04-23,27.540001
2004-04-26,27.240000
2004-04-27,27.219999
2004-04-28,26.559999
2004-04-29,26.480000
2004-04-30,26.129999
2004-05-03,26.350000
2004-05-04,26.330000
2004-05-05,26.299999
2004-05-06,26.120001
2004-05-07,25.780001
2004-05-10,25.930000
2004-05-11,25.940001
2004-05-12,25.940001
2004-05-13,26.100000
2004-05-14,25.860001
2004-05-17,25.540001
2004-05-18,25.830000
2004-05-19,25.620001
2004-05-20,25.730000
2004-05-21,25.889999
2004-05-24,25.760000
2004-05-25,26.100000
2004-05-26,26.139999
2004-05-27,26.190001
2004-05-28,26.230000
2004-06-01,26.110001
2004-06-02,26.129999
2004-06-03,25.889999
2004-06-04,25.950001
2004-06-07,26.430000
2004-06-08,26.600000
2004-06-09,26.469999
2004-06-10,26.770000
2004-06-14,26.900000
2004-06-15,27.410000
2004-06-16,27.320000
2004-06-17,27.770000
2004-06-18,28.350000
2004-06-21,28.350000
2004-06-22,28.290001
2004-06-23,28.299999
2004-06-24,28.389999
2004-06-25,28.570000
2004-06-28,28.280001
2004-06-29,28.500000
2004-06-30,28.559999
2004-07-01,28.629999
2004-07-02,28.570000
2004-07-06,28.020000
2004-07-07,28.100000
2004-07-08,27.639999
2004-07-09,27.860001
2004-07-12,27.889999
2004-07-13,27.600000
2004-07-14,28.129999
2004-07-15,27.870001
2004-07-16,27.480000
2004-07-19,27.950001
2004-07-20,28.320000
2004-07-21,28.860001
2004-07-22,29.000000
2004-07-23,28.030001
2004-07-26,28.660000
2004-07-27,28.440001
2004-07-28,28.580000
2004-07-29,28.480000
2004-07-30,28.490000
2004-08-02,28.520000
2004-08-03,28.070000
2004-08-04,28.059999
2004-08-05,27.530001
2004-08-06,27.139999
2004-08-09,27.180000
2004-08-10,27.719999
2004-08-11,27.410000
2004-08-12,26.879999
2004-08-13,27.020000
2004-08-16,27.090000
2004-08-17,27.049999
2004-08-18,27.459999
2004-08-19,27.120001
2004-08-20,27.200001
2004-08-23,27.240000
2004-08-24,27.240000
2004-08-25,27.549999
2004-08-26,27.440001
2004-08-27,27.459999
2004-08-30,27.299999
2004-08-31,27.299999
2004-09-01,27.389999
2004-09-02,27.620001
2004-09-03,27.110001
2004-09-07,27.360001
2004-09-08,27.260000
2004-09-09,27.280001
2004-09-10,27.490000
2004-09-13,27.250000
2004-09-14,27.440001
2004-09-15,27.190001
2004-09-16,27.260000
2004-09-17,27.510000
2004-09-20,27.510000
2004-09-21,27.260000
2004-09-22,27.120001
2004-09-23,27.350000
2004-09-24,27.290001
2004-09-27,27.190001
2004-09-28,27.270000
2004-09-29,27.580000
2004-09-30,27.650000
2004-10-01,28.250000
2004-10-04,28.120001
2004-10-05,28.379999
2004-10-06,28.530001
2004-10-07,28.170000
2004-10-08,27.990000
2004-10-11,28.059999
2004-10-12,28.030001
2004-10-13,28.030001
2004-10-14,27.799999
2004-10-15,27.990000
2004-10-18,28.410000
2004-10-19,28.180000
2004-10-20,28.700001
2004-10-21,28.559999
2004-10-22,27.740000
2004-10-25,27.629999
2004-10-26,27.900000
2004-10-27,28.150000
2004-10-28,28.010000
2004-10-29,27.969999
2004-11-01,28.080000
2004-11-02,28.240000
2004-11-03,28.469999
2004-11-04,29.000000
2004-11-05,29.309999
2004-11-08,29.280001
2004-11-09,29.770000
2004-11-10,29.730000
2004-11-11,29.980000
2004-11-12,29.969999
2004-11-15,27.389999
2004-11-16,27.120001
2004-11-17,27.170000
2004-11-18,27.070000
2004-11-19,26.860001
2004-11-22,26.650000
2004-11-23,26.530001
2004-11-24,26.639999
2004-11-26,26.600000
2004-11-29,26.770000
2004-11-30,26.809999
2004-12-01,27.250000
2004-12-02,27.090000
2004-12-03,27.230000
2004-12-06,27.330000
2004-12-07,27.070000
2004-12-08,27.360001
2004-12-09,27.230000
2004-12-10,27.080000
2004-12-13,27.250000
2004-12-14,27.230000
2004-12-15,27.110001
2004-12-16,27.160000
2004-12-17,26.959999
2004-12-20,26.950001
2004-12-21,27.070000
2004-12-22,26.969999
2004-12-23,27.010000
2004-12-27,26.850000
2004-12-28,26.950001
2004-12-29,26.900000
2004-12-30,26.760000
2004-12-31,26.719999
2005-01-03,26.740000
2005-01-04,26.840000
2005-01-05,26.780001
2005-01-06,26.750000
2005-01-07,26.670000
2005-01-10,26.799999
2005-01-11,26.730000
2005-01-12,26.780001
2005-01-13,26.270000
2005-01-14,26.120001
2005-01-18,26.320000
2005-01-19,25.980000
2005-01-20,25.860001
2005-01-21,25.650000
2005-01-24,25.670000
2005-01-25,26.020000
2005-01-26,26.010000
2005-01-27,26.110001
2005-01-28,26.180000
2005-01-31,26.280001
2005-02-01,26.389999
2005-02-02,26.459999
2005-02-03,26.180000
2005-02-04,26.320000
2005-02-07,26.160000
2005-02-08,26.240000
2005-02-09,26.070000
2005-02-10,26.059999
2005-02-11,25.969999
2005-02-14,26.010000
2005-02-15,25.930000
2005-02-16,25.790001
2005-02-17,25.650000
2005-02-18,25.480000
2005-02-22,25.230000
2005-02-23,25.200001
2005-02-24,25.370001
2005-02-25,25.250000
2005-02-28,25.160000
2005-03-01,25.280001
2005-03-02,25.260000
2005-03-03,25.170000
2005-03-04,25.170000
2005-03-07,25.469999
2005-03-08,25.400000
2005-03-09,25.309999
2005-03-10,25.430000
2005-03-11,25.090000
2005-03-14,25.110001
2005-03-15,24.910000
2005-03-16,24.629999
2005-03-17,24.540001
2005-03-18,24.309999
2005-03-21,24.200001
2005-03-22,23.990000
2005-03-23,24.180000
2005-03-24,24.280001
2005-03-28,24.200001
2005-03-29,23.920000
2005-03-30,24.160000
2005-03-31,24.170000
2005-04-01,24.120001
2005-04-04,24.230000
2005-04-05,24.469999
2005-04-06,24.670000
2005-04-07,25.100000
2005-04-08,24.940001
2005-04-11,24.969999
2005-04-12,25.320000
2005-04-13,25.040001
2005-04-14,24.840000
2005-04-15,24.459999
2005-04-18,24.650000
2005-04-19,24.629999
2005-04-20,24.320000
2005-04-21,25.280001
2005-04-22,24.980000
2005-04-25,24.990000
2005-04-26,24.760000
2005-04-27,24.990000
2005-04-28,24.450001
2005-04-29,25.299999
2005-05-02,25.230000
2005-05-03,25.360001
2005-05-04,25.209999
2005-05-05,25.230000
2005-05-06,25.219999
2005-05-09,25.110001
2005-05-10,24.900000
2005-05-11,24.910000
2005-05-12,25.000000
2005-05-13,25.299999
2005-05-16,25.490000
2005-05-17,25.459999
2005-05-18,25.700001
2005-05-19,25.920000
2005-05-20,25.740000
2005-05-23,25.850000
2005-05-24,25.750000
2005-05-25,25.709999
2005-05-26,25.900000
2005-05-27,26.070000
2005-05-31,25.799999
2005-06-01,25.809999
2005-06-02,25.790001
2005-06-03,25.430000
2005-06-06,25.370001
2005-06-07,25.510000
2005-06-08,25.400000
2005-06-09,25.510000
2005-06-10,25.430000
2005-06-13,25.309999
2005-06-14,25.360001
2005-06-15,25.260000
2005-06-16,25.040001
2005-06-17,25.040001
2005-06-20,25.110001
2005-06-21,25.150000
2005-06-22,25.070000
2005-06-23,25.309999
2005-06-24,25.040001
2005-06-27,25.049999
2005-06-28,25.070000
2005-06-29,25.090000
2005-06-30,24.840000
2005-07-01,24.709999
2005-07-05,24.980000
2005-07-06,24.700001
2005-07-07,24.650000
2005-07-08,25.090000
2005-07-11,25.290001
2005-07-12,25.610001
2005-07-13,25.660000
2005-07-14,25.969999
2005-07-15,25.790001
2005-07-18,25.549999
2005-07-19,26.160000
2005-07-20,26.190001
2005-07-21,26.440001
2005-07-22,25.680000
2005-07-25,25.690001
2005-07-26,25.540001
2005-07-27,25.719999
2005-07-28,25.750000
2005-07-29,25.610001
2005-08-01,25.920000
2005-08-02,26.809999
2005-08-03,27.250000
2005-08-04,27.320000
2005-08-05,27.760000
2005-08-08,27.129999
2005-08-09,27.350000
2005-08-10,26.950001
2005-08-11,27.270000
2005-08-12,27.049999
2005-08-15,27.129999
2005-08-16,26.740000
2005-08-17,26.950001
2005-08-18,26.820000
2005-08-19,26.719999
2005-08-22,26.910000
2005-08-23,26.870001
2005-08-24,26.809999
2005-08-25,27.030001
2005-08-26,26.969999
2005-08-29,27.150000
2005-08-30,27.180000
2005-08-31,27.379999
2005-09-01,27.200001
2005-09-02,27.020000
2005-09-06,27.000000
2005-09-07,26.850000
2005-09-08,26.610001
2005-09-09,26.580000
2005-09-12,26.610001
2005-09-13,26.480000
2005-09-14,26.309999
2005-09-15,26.270000
2005-09-16,26.070000
2005-09-19,26.000000
2005-09-20,25.840000
2005-09-21,25.490000
2005-09-22,25.340000
2005-09-23,25.270000
2005-09-26,25.270000
2005-09-27,25.340000
2005-09-28,25.670000
2005-09-29,25.940001
2005-09-30,25.730000
2005-10-03,25.500000
2005-10-04,24.980000
2005-10-05,24.670000
2005-10-06,24.730000
2005-10-07,24.590000
2005-10-10,24.459999
2005-10-11,24.410000
2005-10-12,24.299999
2005-10-13,24.590000
2005-10-14,24.670000
2005-10-17,24.530001
2005-10-18,24.570000
2005-10-19,25.090000
2005-10-20,24.790001
2005-10-21,24.780001
2005-10-24,25.100000
2005-10-25,25.030001
2005-10-26,25.110001
2005-10-27,24.850000
2005-10-28,25.530001
2005-10-31,25.700001
2005-11-01,25.959999
2005-11-02,26.459999
2005-11-03,26.440001
2005-11-04,26.660000
2005-11-07,27.010000
2005-11-08,27.049999
2005-11-09,26.959999
2005-11-10,27.090000
2005-11-11,27.280001
2005-11-14,27.370001
2005-11-15,27.500000
2005-11-16,27.740000
2005-11-17,27.969999
2005-11-18,28.070000
2005-11-21,28.160000
2005-11-22,27.910000
2005-11-23,27.920000
2005-11-25,27.760000
2005-11-28,27.750000
2005-11-29,27.680000
2005-11-30,27.680000
2005-12-01,27.889999
2005-12-02,28.010000
2005-12-05,27.850000
2005-12-06,27.690001
2005-12-07,27.750000
2005-12-08,27.690001
2005-12-09,27.709999
2005-12-12,27.450001
2005-12-13,27.129999
2005-12-14,27.090000
2005-12-15,26.920000
2005-12-16,26.900000
2005-12-19,26.830000
2005-12-20,26.860001
2005-12-21,26.730000
2005-12-22,26.590000
2005-12-23,26.639999
2005-12-27,26.459999
2005-12-28,26.389999
2005-12-29,26.270000
2005-12-30,26.150000
2006-01-03,26.840000
2006-01-04,26.969999
2006-01-05,26.990000
2006-01-06,26.910000
2006-01-09,26.860001
2006-01-10,27.000000
2006-01-11,27.290001
2006-01-12,27.139999
2006-01-13,27.190001
2006-01-17,26.990000
2006-01-18,26.830000
2006-01-19,27.020000
2006-01-20,26.410000
2006-01-23,26.350000
2006-01-24,26.280001
2006-01-25,26.400000
2006-01-26,26.500000
2006-01-27,27.790001
2006-01-30,28.000000
2006-01-31,28.150000
2006-02-01,28.040001
2006-02-02,27.680000
2006-02-03,27.540001
2006-02-06,27.170000
2006-02-07,26.940001
2006-02-08,26.910000
2006-02-09,26.660000
2006-02-10,26.690001
2006-02-13,26.389999
2006-02-14,26.650000
2006-02-15,26.879999
2006-02-16,26.809999
2006-02-17,26.700001
2006-02-21,26.540001
2006-02-22,26.719999
2006-02-23,26.660000
2006-02-24,26.629999
2006-02-27,27.049999
2006-02-28,26.870001
2006-03-01,27.139999
2006-03-02,26.969999
2006-03-03,26.930000
2006-03-06,26.910000
2006-03-07,27.059999
2006-03-08,27.250000
2006-03-09,27.000000
2006-03-10,27.170000
2006-03-13,27.110001
2006-03-14,27.230000
2006-03-15,27.360001
2006-03-16,27.270000
2006-03-17,27.500000
2006-03-20,27.889999
2006-03-21,27.740000
2006-03-22,27.150000
2006-03-23,26.850000
2006-03-24,27.010000
2006-03-27,27.010000
2006-03-28,26.900000
2006-03-29,27.020000
2006-03-30,27.230000
2006-03-31,27.209999
2006-04-03,27.559999
2006-04-04,27.639999
2006-04-05,27.740000
2006-04-06,27.559999
2006-04-07,27.250000
2006-04-10,27.290001
2006-04-11,27.129999
2006-04-12,27.200001
2006-04-13,27.070000
2006-04-17,26.840000
2006-04-18,27.219999
2006-04-19,27.030001
2006-04-20,27.030001
2006-04-21,27.150000
2006-04-24,27.110001
2006-04-25,27.110001
2006-04-26,27.100000
2006-04-27,27.250000
2006-04-28,24.150000
2006-05-01,24.290001
2006-05-02,24.010000
2006-05-03,23.170000
2006-05-04,23.440001
2006-05-05,23.799999
2006-05-08,23.730000
2006-05-09,23.620001
2006-05-10,23.770000
2006-05-11,23.219999
2006-05-12,23.170000
2006-05-15,23.150000
2006-05-16,23.010000
2006-05-17,22.730000
2006-05-18,22.830000
2006-05-19,22.559999
2006-05-22,22.879999
2006-05-23,22.790001
2006-05-24,23.500000
2006-05-25,23.740000
2006-05-26,23.719999
2006-05-30,23.150000
2006-05-31,22.650000
2006-06-01,22.820000
2006-06-02,22.760000
2006-06-05,22.500000
2006-06-06,22.129999
2006-06-07,22.040001
2006-06-08,22.110001
2006-06-09,21.920000
2006-06-12,21.709999
2006-06-13,21.510000
2006-06-14,21.879999
2006-06-15,22.070000
2006-06-16,22.100000
2006-06-19,22.549999
2006-06-20,22.559999
2006-06-21,23.080000
2006-06-22,22.879999
2006-06-23,22.500000
2006-06-26,22.820000
2006-06-27,22.860001
2006-06-28,23.160000
2006-06-29,23.469999
2006-06-30,23.299999
2006-07-03,23.700001
2006-07-05,23.350000
2006-07-06,23.480000
2006-07-07,23.299999
2006-07-10,23.500000
2006-07-11,23.100000
2006-07-12,22.639999
2006-07-13,22.260000
2006-07-14,22.290001
2006-07-17,22.480000
2006-07-18,22.740000
2006-07-19,23.400000
2006-07-20,22.850000
2006-07-21,23.870001
2006-07-24,24.000000
2006-07-25,24.219999
2006-07-26,24.370001
2006-07-27,23.870001
2006-07-28,24.250000
2006-07-31,24.059999
2006-08-01,23.990000
2006-08-02,24.299999
2006-08-03,24.209999
2006-08-04,24.290001
2006-08-07,24.219999
2006-08-08,24.340000
2006-08-09,24.440001
2006-08-10,24.459999
2006-08-11,24.430000
2006-08-14,24.530001
2006-08-15,24.620001
2006-08-16,24.700001
2006-08-17,24.700001
2006-08-18,25.790001
2006-08-21,26.120001
2006-08-22,25.620001
2006-08-23,25.670000
2006-08-24,25.740000
2006-08-25,25.850000
2006-08-28,25.950001
2006-08-29,25.840000
2006-08-30,25.799999
2006-08-31,25.700001
2006-09-01,25.840000
2006-09-05,25.610001
2006-09-06,25.610001
2006-09-07,25.430000
2006-09-08,25.600000
2006-09-11,25.910000
2006-09-12,25.930000
2006-09-13,25.980000
2006-09-14,26.330000
2006-09-15,26.850000
2006-09-18,26.790001
2006-09-19,26.860001
2006-09-20,27.180000
2006-09-21,26.900000
2006-09-22,26.660000
2006-09-25,26.950001
2006-09-26,27.200001
2006-09-27,27.440001
2006-09-28,27.400000
2006-09-29,27.350000
2006-10-02,27.360001
2006-10-03,27.370001
2006-10-04,27.940001
2006-10-05,27.920000
2006-10-06,27.870001
2006-10-09,27.719999
2006-10-10,27.690001
2006-10-11,27.540001
2006-10-12,28.219999
2006-10-13,28.370001
2006-10-16,28.450001
2006-10-17,28.440001
2006-10-18,28.520000
2006-10-19,28.290001
2006-10-20,28.430000
2006-10-23,28.450001
2006-10-24,28.280001
2006-10-25,28.309999
2006-10-26,28.350000
2006-10-27,28.340000
2006-10-30,28.530001
2006-10-31,28.709999
2006-11-01,28.809999
2006-11-02,28.770000
2006-11-03,28.730000
2006-11-06,28.840000
2006-11-07,28.950001
2006-11-08,28.980000
2006-11-09,29.260000
2006-11-10,29.240000
2006-11-13,29.350000
2006-11-14,29.230000
2006-11-15,29.120001
2006-11-16,29.469999
2006-11-17,29.400000
2006-11-20,29.889999
2006-11-21,29.920000
2006-11-22,29.920000
2006-11-24,29.760000
2006-11-27,29.480000
2006-11-28,29.389999
2006-11-29,29.570000
2006-11-30,29.360001
2006-12-01,29.120001
2006-12-04,29.330000
2006-12-05,29.129999
2006-12-06,28.990000
2006-12-07,28.850000
2006-12-08,29.400000
2006-12-11,29.540001
2006-12-12,29.430000
2006-12-13,29.549999
2006-12-14,30.070000
2006-12-15,30.190001
2006-12-18,29.889999
2006-12-19,29.990000
2006-12-20,30.090000
2006-12-21,29.980000
2006-12-22,29.639999
2006-12-26,29.990000
2006-12-27,30.020000
2006-12-28,29.980000
2006-12-29,29.860001
2007-01-03,29.860001
2007-01-04,29.809999
2007-01-05,29.639999
2007-01-08,29.930000
2007-01-09,29.959999
2007-01-10,29.660000
2007-01-11,30.700001
2007-01-12,31.209999
2007-01-16,31.160000
2007-01-17,31.100000
2007-01-18,31.000000
2007-01-19,31.110001
2007-01-22,30.719999
2007-01-23,30.740000
2007-01-24,31.090000
2007-01-25,30.450001
2007-01-26,30.600000
2007-01-29,30.530001
2007-01-30,30.480000
2007-01-31,30.860001
2007-02-01,30.559999
2007-02-02,30.190001
2007-02-05,29.610001
2007-02-06,29.510000
2007-02-07,29.370001
2007-02-08,29.260000
2007-02-09,28.980000
2007-02-12,28.940001
2007-02-13,29.010000
2007-02-14,29.400000
2007-02-15,29.459999
2007-02-16,28.740000
2007-02-20,28.830000
2007-02-21,29.350000
2007-02-22,29.389999
2007-02-23,28.900000
2007-02-26,29.070000
2007-02-27,27.870001
2007-02-28,28.170000
2007-03-01,28.090000
2007-03-02,27.760000
2007-03-05,27.549999
2007-03-06,27.830000
2007-03-07,27.610001
2007-03-08,27.320000
2007-03-09,27.290001
2007-03-12,27.440001
2007-03-13,26.719999
2007-03-14,27.400000
2007-03-15,27.280001
2007-03-16,27.330000
2007-03-19,27.830000
2007-03-20,27.840000
2007-03-21,28.520000
2007-03-22,28.270000
2007-03-23,28.020000
2007-03-26,28.219999
2007-03-27,27.719999
2007-03-28,27.639999
2007-03-29,27.750000
2007-03-30,27.870001
2007-04-02,27.740000
2007-04-03,27.870001
2007-04-04,28.500000
2007-04-05,28.549999
2007-04-09,28.570000
2007-04-10,28.400000
2007-04-11,28.110001
2007-04-12,28.540001
2007-04-13,28.610001
2007-04-16,28.730000
2007-04-17,28.850000
2007-04-18,28.600000
2007-04-19,28.690001
2007-04-20,29.020000
2007-04-23,28.780001
2007-04-24,28.790001
2007-04-25,28.990000
2007-04-26,29.100000
2007-04-27,30.120001
2007-04-30,29.940001
2007-05-01,30.400000
2007-05-02,30.610001
2007-05-03,30.969999
2007-05-04,30.559999
2007-05-07,30.709999
2007-05-08,30.750000
2007-05-09,30.780001
2007-05-10,30.580000
2007-05-11,30.889999
2007-05-14,30.969999
2007-05-15,30.900000
2007-05-16,31.070000
2007-05-17,30.980000
2007-05-18,30.830000
2007-05-21,31.049999
2007-05-22,30.690001
2007-05-23,30.580000
2007-05-24,30.170000
2007-05-25,30.480000
2007-05-29,30.790001
2007-05-30,31.110001
2007-05-31,30.690001
2007-06-01,30.590000
2007-06-04,30.719999
2007-06-05,30.580000
2007-06-06,30.290001
2007-06-07,29.620001
2007-06-08,30.049999
2007-06-11,30.020000
2007-06-12,29.850000
2007-06-13,30.389999
2007-06-14,30.520000
2007-06-15,30.490000
2007-06-18,30.510000
2007-06-19,30.459999
2007-06-20,30.010000
2007-06-21,30.219999
2007-06-22,29.490000
2007-06-25,29.490000
2007-06-26,29.520000
2007-06-27,29.870001
2007-06-28,29.830000
2007-06-29,29.469999
2007-07-02,29.740000
2007-07-03,30.020000
2007-07-05,29.990000
2007-07-06,29.969999
2007-07-09,29.870001
2007-07-10,29.330000
2007-07-11,29.490000
2007-07-12,30.070000
2007-07-13,29.820000
2007-07-16,30.030001
2007-07-17,30.780001
2007-07-18,30.920000
2007-07-19,31.510000
2007-07-20,31.160000
2007-07-23,31.190001
2007-07-24,30.799999
2007-07-25,30.709999
2007-07-26,29.980000
2007-07-27,29.389999
2007-07-30,29.400000
2007-07-31,28.990000
2007-08-01,29.299999
2007-08-02,29.520000
2007-08-03,28.959999
2007-08-06,29.540001
2007-08-07,29.549999
2007-08-08,30.000000
2007-08-09,29.299999
2007-08-10,28.709999
2007-08-13,28.629999
2007-08-14,28.270000
2007-08-15,28.100000
2007-08-16,27.809999
2007-08-17,28.250000
2007-08-20,28.260000
2007-08-21,28.070000
2007-08-22,28.219999
2007-08-23,28.299999
2007-08-24,28.809999
2007-08-27,28.490000
2007-08-28,27.930000
2007-08-29,28.590000
2007-08-30,28.450001
2007-08-31,28.730000
2007-09-04,28.809999
2007-09-05,28.480000
2007-09-06,28.910000
2007-09-07,28.440001
2007-09-10,28.480000
2007-09-11,28.930000
2007-09-12,28.930000
2007-09-13,29.160000
2007-09-14,29.040001
2007-09-17,28.730000
2007-09-18,28.930000
2007-09-19,28.670000
2007-09-20,28.420000
2007-09-21,28.650000
2007-09-24,29.080000
2007-09-25,29.559999
2007-09-26,29.500000
2007-09-27,29.490000
2007-09-28,29.459999
2007-10-01,29.770000
2007-10-02,29.700001
2007-10-03,29.450001
2007-10-04,29.709999
2007-10-05,29.840000
2007-10-08,29.840000
2007-10-09,30.100000
2007-10-10,30.230000
2007-10-11,29.910000
2007-10-12,30.170000
2007-10-15,30.040001
2007-10-16,30.320000
2007-10-17,31.080000
2007-10-18,31.160000
2007-10-19,30.170000
2007-10-22,30.510000
2007-10-23,30.900000
2007-10-24,31.250000
2007-10-25,31.990000
2007-10-26,35.029999
2007-10-29,34.570000
2007-10-30,35.570000
2007-10-31,36.810001
2007-11-01,37.060001
2007-11-02,37.060001
2007-11-05,36.730000
2007-11-06,36.410000
2007-11-07,35.520000
2007-11-08,34.740002
2007-11-09,33.730000
2007-11-12,33.380001
2007-11-13,34.459999
2007-11-14,33.930000
2007-11-15,33.759998
2007-11-16,34.090000
2007-11-19,33.959999
2007-11-20,34.580002
2007-11-21,34.230000
2007-11-23,34.110001
2007-11-26,32.970001
2007-11-27,33.060001
2007-11-28,33.700001
2007-11-29,33.590000
2007-11-30,33.599998
2007-12-03,32.919998
2007-12-04,32.770000
2007-12-05,34.150002
2007-12-06,34.549999
2007-12-07,34.529999
2007-12-10,34.759998
2007-12-11,34.099998
2007-12-12,34.470001
2007-12-13,35.220001
2007-12-14,35.310001
2007-12-17,34.389999
2007-12-18,34.740002
2007-12-19,34.790001
2007-12-20,35.520000
2007-12-21,36.060001
2007-12-24,36.580002
2007-12-26,36.610001
2007-12-27,35.970001
2007-12-28,36.119999
2007-12-31,35.599998
2008-01-02,35.220001
2008-01-03,35.369999
2008-01-04,34.380001
2008-01-07,34.610001
2008-01-08,33.450001
2008-01-09,34.439999
2008-01-10,34.330002
2008-01-11,33.910000
2008-01-14,34.389999
2008-01-15,34.000000
2008-01-16,33.230000
2008-01-17,33.110001
2008-01-18,33.009998
2008-01-22,31.959999
2008-01-23,31.930000
2008-01-24,33.250000
2008-01-25,32.939999
2008-01-28,32.720001
2008-01-29,32.599998
2008-01-30,32.200001
2008-01-31,32.599998
2008-02-01,30.450001
2008-02-04,30.190001
2008-02-05,29.070000
2008-02-06,28.520000
2008-02-07,28.120001
2008-02-08,28.559999
2008-02-11,28.209999
2008-02-12,28.340000
2008-02-13,28.959999
2008-02-14,28.500000
2008-02-15,28.420000
2008-02-19,28.170000
2008-02-20,28.219999
2008-02-21,28.100000
2008-02-22,27.680000
2008-02-25,27.840000
2008-02-26,28.379999
2008-02-27,28.260000
2008-02-28,27.930000
2008-02-29,27.200001
2008-03-03,26.990000
2008-03-04,27.590000
2008-03-05,28.120001
2008-03-06,27.570000
2008-03-07,27.870001
2008-03-10,28.049999
2008-03-11,29.280001
2008-03-12,28.629999
2008-03-13,28.620001
2008-03-14,27.959999
2008-03-17,28.299999
2008-03-18,29.420000
2008-03-19,28.620001
2008-03-20,29.180000
2008-03-24,29.170000
2008-03-25,29.139999
2008-03-26,28.559999
2008-03-27,28.049999
2008-03-28,27.910000
2008-03-31,28.379999
2008-04-01,29.500000
2008-04-02,29.160000
2008-04-03,29.000000
2008-04-04,29.160000
2008-04-07,29.160000
2008-04-08,28.750000
2008-04-09,28.889999
2008-04-10,29.110001
2008-04-11,28.280001
2008-04-14,28.059999
2008-04-15,28.250000
2008-04-16,28.950001
2008-04-17,29.219999
2008-04-18,30.000000
2008-04-21,30.420000
2008-04-22,30.250000
2008-04-23,31.450001
2008-04-24,31.799999
2008-04-25,29.830000
2008-04-28,28.990000
2008-04-29,28.639999
2008-04-30,28.520000
2008-05-01,29.400000
2008-05-02,29.240000
2008-05-05,29.080000
2008-05-06,29.700001
2008-05-07,29.209999
2008-05-08,29.270000
2008-05-09,29.389999
2008-05-12,29.990000
2008-05-13,29.780001
2008-05-14,29.930000
2008-05-15,30.450001
2008-05-16,29.990000
2008-05-19,29.459999
2008-05-20,28.760000
2008-05-21,28.250000
2008-05-22,28.469999
2008-05-23,28.049999
2008-05-27,28.440001
2008-05-28,28.180000
2008-05-29,28.309999
2008-05-30,28.320000
2008-06-02,27.799999
2008-06-03,27.309999
2008-06-04,27.540001
2008-06-05,28.299999
2008-06-06,27.490000
2008-06-09,27.709999
2008-06-10,27.889999
2008-06-11,27.120001
2008-06-12,28.240000
2008-06-13,29.070000
2008-06-16,28.930000
2008-06-17,28.799999
2008-06-18,28.459999
2008-06-19,28.930000
2008-06-20,28.230000
2008-06-23,27.969999
2008-06-24,27.730000
2008-06-25,28.350000
2008-06-26,27.750000
2008-06-27,27.629999
2008-06-30,27.510000
2008-07-01,26.870001
2008-07-02,25.879999
2008-07-03,25.980000
2008-07-07,26.030001
2008-07-08,25.850000
2008-07-09,25.230000
2008-07-10,25.450001
2008-07-11,25.250000
2008-07-14,25.150000
2008-07-15,26.150000
2008-07-16,27.260000
2008-07-17,27.520000
2008-07-18,25.860001
2008-07-21,25.639999
2008-07-22,25.799999
2008-07-23,26.430000
2008-07-24,25.440001
2008-07-25,26.160000
2008-07-28,25.500000
2008-07-29,26.110001
2008-07-30,26.230000
2008-07-31,25.719999
2008-08-01,25.440001
2008-08-04,25.280001
2008-08-05,26.209999
2008-08-06,27.020000
2008-08-07,27.389999
2008-08-08,28.129999
2008-08-11,27.900000
2008-08-12,28.120001
2008-08-13,27.910000
2008-08-14,27.910000
2008-08-15,27.809999
2008-08-18,27.690001
2008-08-19,27.320000
2008-08-20,27.290001
2008-08-21,27.180000
2008-08-22,27.840000
2008-08-25,27.660000
2008-08-26,27.270000
2008-08-27,27.559999
2008-08-28,27.940001
2008-08-29,27.290001
2008-09-02,27.100000
2008-09-03,26.900000
2008-09-04,26.350000
2008-09-05,25.650000
2008-09-08,26.120001
2008-09-09,26.100000
2008-09-10,26.440001
2008-09-11,27.340000
2008-09-12,27.620001
2008-09-15,26.820000
2008-09-16,25.990000
2008-09-17,24.570000
2008-09-18,25.260000
2008-09-19,25.160000
2008-09-22,25.400000
2008-09-23,25.440001
2008-09-24,25.719999
2008-09-25,26.610001
2008-09-26,27.400000
2008-09-29,25.010000
2008-09-30,26.690001
2008-10-01,26.480000
2008-10-02,26.250000
2008-10-03,26.320000
2008-10-06,24.910000
2008-10-07,23.230000
2008-10-08,23.010000
2008-10-09,22.299999
2008-10-10,21.500000
2008-10-13,25.500000
2008-10-14,24.100000
2008-10-15,22.660000
2008-10-16,24.190001
2008-10-17,23.930000
2008-10-20,24.719999
2008-10-21,23.360001
2008-10-22,21.530001
2008-10-23,22.320000
2008-10-24,21.959999
2008-10-27,21.180000
2008-10-28,23.100000
2008-10-29,23.000000
2008-10-30,22.629999
2008-10-31,22.330000
2008-11-03,22.620001
2008-11-04,23.530001
2008-11-05,22.080000
2008-11-06,20.879999
2008-11-07,21.500000
2008-11-10,21.299999
2008-11-11,21.200001
2008-11-12,20.299999
2008-11-13,21.250000
2008-11-14,20.059999
2008-11-17,19.320000
2008-11-18,19.620001
2008-11-19,18.290001
2008-11-20,17.530001
2008-11-21,19.680000
2008-11-24,20.690001
2008-11-25,19.990000
2008-11-26,20.490000
2008-11-28,20.219999
2008-12-01,18.610001
2008-12-02,19.150000
2008-12-03,19.870001
2008-12-04,19.110001
2008-12-05,19.870001
2008-12-08,21.010000
2008-12-09,20.600000
2008-12-10,20.610001
2008-12-11,19.450001
2008-12-12,19.360001
2008-12-15,19.040001
2008-12-16,20.110001
2008-12-17,19.660000
2008-12-18,19.299999
2008-12-19,19.120001
2008-12-22,19.180000
2008-12-23,19.280001
2008-12-24,19.170000
2008-12-26,19.129999
2008-12-29,18.959999
2008-12-30,19.340000
2008-12-31,19.440001
2009-01-02,20.330000
2009-01-05,20.520000
2009-01-06,20.760000
2009-01-07,19.510000
2009-01-08,20.120001
2009-01-09,19.520000
2009-01-12,19.469999
2009-01-13,19.820000
2009-01-14,19.090000
2009-01-15,19.240000
2009-01-16,19.709999
2009-01-20,18.480000
2009-01-21,19.379999
2009-01-22,17.110001
2009-01-23,17.200001
2009-01-26,17.629999
2009-01-27,17.660000
2009-01-28,18.040001
2009-01-29,17.590000
2009-01-30,17.100000
2009-02-02,17.830000
2009-02-03,18.500000
2009-02-04,18.629999
2009-02-05,19.040001
2009-02-06,19.660000
2009-02-09,19.440001
2009-02-10,18.799999
2009-02-11,19.209999
2009-02-12,19.260000
2009-02-13,19.090000
2009-02-17,18.090000
2009-02-18,18.120001
2009-02-19,17.910000
2009-02-20,18.000000
2009-02-23,17.209999
2009-02-24,17.170000
2009-02-25,16.959999
2009-02-26,16.420000
2009-02-27,16.150000
2009-03-02,15.790000
2009-03-03,15.880000
2009-03-04,16.120001
2009-03-05,15.270000
2009-03-06,15.280000
2009-03-09,15.150000
2009-03-10,16.480000
2009-03-11,17.110001
2009-03-12,17.010000
2009-03-13,16.650000
2009-03-16,16.250000
2009-03-17,16.900000
2009-03-18,16.959999
2009-03-19,17.139999
2009-03-20,17.059999
2009-03-23,18.330000
2009-03-24,17.930000
2009-03-25,17.879999
2009-03-26,18.830000
2009-03-27,18.129999
2009-03-30,17.480000
2009-03-31,18.370001
2009-04-01,19.309999
2009-04-02,19.290001
2009-04-03,18.750000
2009-04-06,18.760000
2009-04-07,18.760000
2009-04-08,19.190001
2009-04-09,19.670000
2009-04-13,19.590000
2009-04-14,19.350000
2009-04-15,18.830000
2009-04-16,19.760000
2009-04-17,19.200001
2009-04-20,18.610001
2009-04-21,18.969999
2009-04-22,18.780001
2009-04-23,18.920000
2009-04-24,20.910000
2009-04-27,20.400000
2009-04-28,19.930000
2009-04-29,20.250000
2009-04-30,20.260000
2009-05-01,20.240000
2009-05-04,20.190001
2009-05-05,19.790001
2009-05-06,19.790001
2009-05-07,19.320000
2009-05-08,19.420000
2009-05-11,19.320000
2009-05-12,19.889999
2009-05-13,19.750000
2009-05-14,20.059999
2009-05-15,20.219999
2009-05-18,20.600000
2009-05-19,20.309999
2009-05-20,20.379999
2009-05-21,19.820000
2009-05-22,19.750000
2009-05-26,20.340000
2009-05-27,20.129999
2009-05-28,20.450001
2009-05-29,20.889999
2009-06-01,21.400000
2009-06-02,21.400000
2009-06-03,21.730000
2009-06-04,21.830000
2009-06-05,22.139999
2009-06-08,22.049999
2009-06-09,22.080000
2009-06-10,22.549999
2009-06-11,22.830000
2009-06-12,23.330000
2009-06-15,23.420000
2009-06-16,23.450001
2009-06-17,23.680000
2009-06-18,23.500000
2009-06-19,24.070000
2009-06-22,23.280001
2009-06-23,23.340000
2009-06-24,23.469999
2009-06-25,23.790001
2009-06-26,23.350000
2009-06-29,23.860001
2009-06-30,23.770000
2009-07-01,24.040001
2009-07-02,23.370001
2009-07-06,23.200001
2009-07-07,22.530001
2009-07-08,22.559999
2009-07-09,22.440001
2009-07-10,22.389999
2009-07-13,23.230000
2009-07-14,23.110001
2009-07-15,24.120001
2009-07-16,24.440001
2009-07-17,24.290001
2009-07-20,24.530001
2009-07-21,24.830000
2009-07-22,24.799999
2009-07-23,25.559999
2009-07-24,23.450001
2009-07-27,23.110001
2009-07-28,23.469999
2009-07-29,23.799999
2009-07-30,23.809999
2009-07-31,23.520000
2009-08-03,23.830000
2009-08-04,23.770000
2009-08-05,23.809999
2009-08-06,23.459999
2009-08-07,23.559999
2009-08-10,23.420000
2009-08-11,23.129999
2009-08-12,23.530001
2009-08-13,23.620001
2009-08-14,23.690001
2009-08-17,23.250000
2009-08-18,23.580000
2009-08-19,23.650000
2009-08-20,23.670000
2009-08-21,24.410000
2009-08-24,24.639999
2009-08-25,24.639999
2009-08-26,24.549999
2009-08-27,24.690001
2009-08-28,24.680000
2009-08-31,24.650000
2009-09-01,24.000000
2009-09-02,23.860001
2009-09-03,24.110001
2009-09-04,24.620001
2009-09-08,24.820000
2009-09-09,24.780001
2009-09-10,25.000000
2009-09-11,24.860001
2009-09-14,25.000000
2009-09-15,25.200001
2009-09-16,25.200001
2009-09-17,25.299999
2009-09-18,25.260000
2009-09-21,25.299999
2009-09-22,25.770000
2009-09-23,25.709999
2009-09-24,25.940001
2009-09-25,25.549999
2009-09-28,25.830000
2009-09-29,25.750000
2009-09-30,25.719999
2009-10-01,24.879999
2009-10-02,24.959999
2009-10-05,24.639999
2009-10-06,25.110001
2009-10-07,25.100000
2009-10-08,25.670000
2009-10-09,25.549999
2009-10-12,25.719999
2009-10-13,25.809999
2009-10-14,25.959999
2009-10-15,26.709999
2009-10-16,26.500000
2009-10-19,26.360001
2009-10-20,26.370001
2009-10-21,26.580000
2009-10-22,26.590000
2009-10-23,28.020000
2009-10-26,28.680000
2009-10-27,28.590000
2009-10-28,28.020000
2009-10-29,28.219999
2009-10-30,27.730000
2009-11-02,27.879999
2009-11-03,27.530001
2009-11-04,28.059999
2009-11-05,28.469999
2009-11-06,28.520000
2009-11-09,28.990000
2009-11-10,29.010000
2009-11-11,29.120001
2009-11-12,29.360001
2009-11-13,29.629999
2009-11-16,29.540001
2009-11-17,30.000000
2009-11-18,30.110001
2009-11-19,29.780001
2009-11-20,29.620001
2009-11-23,29.940001
2009-11-24,29.910000
2009-11-25,29.790001
2009-11-27,29.219999
2009-11-30,29.410000
2009-12-01,30.010000
2009-12-02,29.780001
2009-12-03,29.830000
2009-12-04,29.980000
2009-12-07,29.790001
2009-12-08,29.570000
2009-12-09,29.709999
2009-12-10,29.870001
2009-12-11,29.850000
2009-12-14,30.110001
2009-12-15,30.020000
2009-12-16,30.100000
2009-12-17,29.600000
2009-12-18,30.360001
2009-12-21,30.520000
2009-12-22,30.820000
2009-12-23,30.920000
2009-12-24,31.000000
2009-12-28,31.170000
2009-12-29,31.389999
2009-12-30,30.959999
2009-12-31,30.480000
2010-01-04,30.950001
2010-01-05,30.959999
2010-01-06,30.770000
2010-01-07,30.450001
2010-01-08,30.660000
2010-01-11,30.270000
2010-01-12,30.070000
2010-01-13,30.350000
2010-01-14,30.959999
2010-01-15,30.860001
2010-01-19,31.100000
2010-01-20,30.590000
2010-01-21,30.010000
2010-01-22,28.959999
2010-01-25,29.320000
2010-01-26,29.500000
2010-01-27,29.670000
2010-01-28,29.160000
2010-01-29,28.180000
2010-02-01,28.410000
2010-02-02,28.459999
2010-02-03,28.629999
2010-02-04,27.840000
2010-02-05,28.020000
2010-02-08,27.719999
2010-02-09,28.010000
2010-02-10,27.990000
2010-02-11,28.120001
2010-02-12,27.930000
2010-02-16,28.350000
2010-02-17,28.590000
2010-02-18,28.969999
2010-02-19,28.770000
2010-02-22,28.730000
2010-02-23,28.330000
2010-02-24,28.629999
2010-02-25,28.600000
2010-02-26,28.670000
2010-03-01,29.020000
2010-03-02,28.459999
2010-03-03,28.459999
2010-03-04,28.629999
2010-03-05,28.590000
2010-03-08,28.629999
2010-03-09,28.799999
2010-03-10,28.969999
2010-03-11,29.180000
2010-03-12,29.270000
2010-03-15,29.290001
2010-03-16,29.370001
2010-03-17,29.629999
2010-03-18,29.610001
2010-03-19,29.590000
2010-03-22,29.600000
2010-03-23,29.879999
2010-03-24,29.650000
2010-03-25,30.010000
2010-03-26,29.660000
2010-03-29,29.590000
2010-03-30,29.770000
2010-03-31,29.290001
2010-04-01,29.160000
2010-04-05,29.270000
2010-04-06,29.320000
2010-04-07,29.350000
2010-04-08,29.920000
2010-04-09,30.340000
2010-04-12,30.320000
2010-04-13,30.450001
2010-04-14,30.820000
2010-04-15,30.870001
2010-04-16,30.670000
2010-04-19,31.040001
2010-04-20,31.360001
2010-04-21,31.330000
2010-04-22,31.389999
2010-04-23,30.959999
2010-04-26,31.110001
2010-04-27,30.850000
2010-04-28,30.910000
2010-04-29,31.000000
2010-04-30,30.540001
2010-05-03,30.860001
2010-05-04,30.129999
2010-05-05,29.850000
2010-05-06,28.980000
2010-05-07,28.209999
2010-05-10,28.940001
2010-05-11,28.879999
2010-05-12,29.440001
2010-05-13,29.240000
2010-05-14,28.930000
2010-05-17,28.940001
2010-05-18,28.600000
2010-05-19,28.240000
2010-05-20,27.110001
2010-05-21,26.840000
2010-05-24,26.270000
2010-05-25,26.070000
2010-05-26,25.010000
2010-05-27,26.000000
2010-05-28,25.799999
2010-06-01,25.889999
2010-06-02,26.459999
2010-06-03,26.860001
2010-06-04,25.790001
2010-06-07,25.290001
2010-06-08,25.110001
2010-06-09,24.790001
2010-06-10,25.000000
2010-06-11,25.660000
2010-06-14,25.500000
2010-06-15,26.580000
2010-06-16,26.320000
2010-06-17,26.370001
2010-06-18,26.440001
2010-06-21,25.950001
2010-06-22,25.770000
2010-06-23,25.309999
2010-06-24,25.000000
2010-06-25,24.530001
2010-06-28,24.309999
2010-06-29,23.309999
2010-06-30,23.010000
2010-07-01,23.160000
2010-07-02,23.270000
2010-07-06,23.820000
2010-07-07,24.299999
2010-07-08,24.410000
2010-07-09,24.270000
2010-07-12,24.830000
2010-07-13,25.129999
2010-07-14,25.440001
2010-07-15,25.510000
2010-07-16,24.889999
2010-07-19,25.230000
2010-07-20,25.480000
2010-07-21,25.120001
2010-07-22,25.840000
2010-07-23,25.809999
2010-07-26,26.100000
2010-07-27,26.160000
2010-07-28,25.950001
2010-07-29,26.030001
2010-07-30,25.809999
2010-08-02,26.330000
2010-08-03,26.160000
2010-08-04,25.730000
2010-08-05,25.370001
2010-08-06,25.549999
2010-08-09,25.610001
2010-08-10,25.070000
2010-08-11,24.860001
2010-08-12,24.490000
2010-08-13,24.400000
2010-08-16,24.500000
2010-08-17,24.709999
2010-08-18,24.820000
2010-08-19,24.440001
2010-08-20,24.230000
2010-08-23,24.280001
2010-08-24,24.040001
2010-08-25,24.100000
2010-08-26,23.820000
2010-08-27,23.930000
2010-08-30,23.639999
2010-08-31,23.469999
2010-09-01,23.900000
2010-09-02,23.940001
2010-09-03,24.290001
2010-09-07,23.959999
2010-09-08,23.930000
2010-09-09,24.010000
2010-09-10,23.850000
2010-09-13,25.110001
2010-09-14,25.030001
2010-09-15,25.120001
2010-09-16,25.330000
2010-09-17,25.219999
2010-09-20,25.430000
2010-09-21,25.150000
2010-09-22,24.610001
2010-09-23,24.430000
2010-09-24,24.780001
2010-09-27,24.730000
2010-09-28,24.680000
2010-09-29,24.500000
2010-09-30,24.490000
2010-10-01,24.379999
2010-10-04,23.910000
2010-10-05,24.350000
2010-10-06,24.430000
2010-10-07,24.530001
2010-10-08,24.570000
2010-10-11,24.590000
2010-10-12,24.830000
2010-10-13,25.340000
2010-10-14,25.230000
2010-10-15,25.540001
2010-10-18,25.820000
2010-10-19,25.100000
2010-10-20,25.309999
2010-10-21,25.420000
2010-10-22,25.379999
2010-10-25,25.190001
2010-10-26,25.900000
2010-10-27,26.049999
2010-10-28,26.280001
2010-10-29,26.670000
2010-11-01,26.950001
2010-11-02,27.389999
2010-11-03,27.030001
2010-11-04,27.139999
2010-11-05,26.850000
2010-11-08,26.809999
2010-11-09,26.950001
2010-11-10,26.940001
2010-11-11,26.680000
2010-11-12,26.270000
2010-11-15,26.200001
2010-11-16,25.809999
2010-11-17,25.570000
2010-11-18,25.840000
2010-11-19,25.690001
2010-11-22,25.730000
2010-11-23,25.120001
2010-11-24,25.370001
2010-11-26,25.250000
2010-11-29,25.309999
2010-11-30,25.260000
2010-12-01,26.040001
2010-12-02,26.889999
2010-12-03,27.020000
2010-12-06,26.840000
2010-12-07,26.870001
2010-12-08,27.230000
2010-12-09,27.080000
2010-12-10,27.340000
2010-12-13,27.250000
2010-12-14,27.620001
2010-12-15,27.850000
2010-12-16,27.990000
2010-12-17,27.900000
2010-12-20,27.809999
2010-12-21,28.070000
2010-12-22,28.190001
2010-12-23,28.299999
2010-12-27,28.070000
2010-12-28,28.010000
2010-12-29,27.969999
2010-12-30,27.850000
2010-12-31,27.910000
2011-01-03,27.980000
2011-01-04,28.090000
2011-01-05,28.000000
2011-01-06,28.820000
2011-01-07,28.600000
2011-01-10,28.219999
2011-01-11,28.110001
2011-01-12,28.549999
2011-01-13,28.190001
2011-01-14,28.299999
2011-01-18,28.660000
2011-01-19,28.469999
2011-01-20,28.350000
2011-01-21,28.020000
2011-01-24,28.379999
2011-01-25,28.450001
2011-01-26,28.780001
2011-01-27,28.870001
2011-01-28,27.750000
2011-01-31,27.730000
2011-02-01,27.990000
2011-02-02,27.940001
2011-02-03,27.650000
2011-02-04,27.770000
2011-02-07,28.200001
2011-02-08,28.280001
2011-02-09,27.969999
2011-02-10,27.500000
2011-02-11,27.250000
2011-02-14,27.230000
2011-02-15,26.959999
2011-02-16,27.020000
2011-02-17,27.209999
2011-02-18,27.059999
2011-02-22,26.590000
2011-02-23,26.590000
2011-02-24,26.770000
2011-02-25,26.549999
2011-02-28,26.580000
2011-03-01,26.160000
2011-03-02,26.080000
2011-03-03,26.200001
2011-03-04,25.950001
2011-03-07,25.719999
2011-03-08,25.910000
2011-03-09,25.889999
2011-03-10,25.410000
2011-03-11,25.680000
2011-03-14,25.690001
2011-03-15,25.389999
2011-03-16,24.790001
2011-03-17,24.780001
2011-03-18,24.799999
2011-03-21,25.330000
2011-03-22,25.299999
2011-03-23,25.540001
2011-03-24,25.809999
2011-03-25,25.620001
2011-03-28,25.410000
2011-03-29,25.490000
2011-03-30,25.610001
2011-03-31,25.389999
2011-04-01,25.480000
2011-04-04,25.549999
2011-04-05,25.780001
2011-04-06,26.150000
2011-04-07,26.200001
2011-04-08,26.070000
2011-04-11,25.980000
2011-04-12,25.639999
2011-04-13,25.629999
2011-04-14,25.420000
2011-04-15,25.370001
2011-04-18,25.080000
2011-04-19,25.150000
2011-04-20,25.760000
2011-04-21,25.520000
2011-04-25,25.610001
2011-04-26,26.190001
2011-04-27,26.379999
2011-04-28,26.709999
2011-04-29,25.920000
2011-05-02,25.660000
2011-05-03,25.809999
2011-05-04,26.059999
2011-05-05,25.790001
2011-05-06,25.870001
2011-05-09,25.830000
2011-05-10,25.670000
2011-05-11,25.360001
2011-05-12,25.320000
2011-05-13,25.030001
2011-05-16,24.570000
2011-05-17,24.520000
2011-05-18,24.690001
2011-05-19,24.719999
2011-05-20,24.490000
2011-05-23,24.170000
2011-05-24,24.150000
2011-05-25,24.190001
2011-05-26,24.670000
2011-05-27,24.760000
2011-05-31,25.010000
2011-06-01,24.430000
2011-06-02,24.219999
2011-06-03,23.910000
2011-06-06,24.010000
2011-06-07,24.059999
2011-06-08,23.940001
2011-06-09,23.959999
2011-06-10,23.709999
2011-06-13,24.040001
2011-06-14,24.219999
2011-06-15,23.740000
2011-06-16,24.000000
2011-06-17,24.260000
2011-06-20,24.469999
2011-06-21,24.760000
2011-06-22,24.650000
2011-06-23,24.629999
2011-06-24,24.299999
2011-06-27,25.200001
2011-06-28,25.799999
2011-06-29,25.620001
2011-06-30,26.000000
2011-07-01,26.020000
2011-07-05,26.030001
2011-07-06,26.330000
2011-07-07,26.770000
2011-07-08,26.920000
2011-07-11,26.629999
2011-07-12,26.540001
2011-07-13,26.629999
2011-07-14,26.469999
2011-07-15,26.780001
2011-07-18,26.590000
2011-07-19,27.540001
2011-07-20,27.059999
2011-07-21,27.100000
2011-07-22,27.530001
2011-07-25,27.910000
2011-07-26,28.080000
2011-07-27,27.330000
2011-07-28,27.719999
2011-07-29,27.400000
2011-08-01,27.270000
2011-08-02,26.799999
2011-08-03,26.920000
2011-08-04,25.940001
2011-08-05,25.680000
2011-08-08,24.480000
2011-08-09,25.580000
2011-08-10,24.200001
2011-08-11,25.190001
2011-08-12,25.100000
2011-08-15,25.510000
2011-08-16,25.350000
2011-08-17,25.250000
2011-08-18,24.670000
2011-08-19,24.049999
2011-08-22,23.980000
2011-08-23,24.719999
2011-08-24,24.900000
2011-08-25,24.570000
2011-08-26,25.250000
2011-08-29,25.840000
2011-08-30,26.230000
2011-08-31,26.600000
2011-09-01,26.209999
2011-09-02,25.799999
2011-09-06,25.510000
2011-09-07,26.000000
2011-09-08,26.219999
2011-09-09,25.740000
2011-09-12,25.889999
2011-09-13,26.040001
2011-09-14,26.500000
2011-09-15,26.990000
2011-09-16,27.120001
2011-09-19,27.209999
2011-09-20,26.980000
2011-09-21,25.990000
2011-09-22,25.059999
2011-09-23,25.059999
2011-09-26,25.440001
2011-09-27,25.670000
2011-09-28,25.580000
2011-09-29,25.450001
2011-09-30,24.889999
2011-10-03,24.530001
2011-10-04,25.340000
2011-10-05,25.889999
2011-10-06,26.340000
2011-10-07,26.250000
2011-10-10,26.940001
2011-10-11,27.000000
2011-10-12,26.959999
2011-10-13,27.180000
2011-10-14,27.270000
2011-10-17,26.980000
2011-10-18,27.309999
2011-10-19,27.129999
2011-10-20,27.040001
2011-10-21,27.160000
2011-10-24,27.190001
2011-10-25,26.809999
2011-10-26,26.590000
2011-10-27,27.250000
2011-10-28,26.980000
2011-10-31,26.629999
2011-11-01,25.990000
2011-11-02,26.010000
2011-11-03,26.530001
2011-11-04,26.250000
2011-11-07,26.799999
2011-11-08,27.160000
2011-11-09,26.200001
2011-11-10,26.280001
2011-11-11,26.910000
2011-11-14,26.760000
2011-11-15,26.740000
2011-11-16,26.070000
2011-11-17,25.540001
2011-11-18,25.299999
2011-11-21,25.000000
2011-11-22,24.790001
2011-11-23,24.469999
2011-11-25,24.299999
2011-11-28,24.870001
2011-11-29,24.840000
2011-11-30,25.580000
2011-12-01,25.280001
2011-12-02,25.219999
2011-12-05,25.700001
2011-12-06,25.660000
2011-12-07,25.600000
2011-12-08,25.400000
2011-12-09,25.700001
2011-12-12,25.510000
2011-12-13,25.760000
2011-12-14,25.590000
2011-12-15,25.559999
2011-12-16,26.000000
2011-12-19,25.530001
2011-12-20,26.030001
2011-12-21,25.760000
2011-12-22,25.809999
2011-12-23,26.030001
2011-12-27,26.040001
2011-12-28,25.820000
2011-12-29,26.020000
2011-12-30,25.959999
2012-01-03,26.770000
2012-01-04,27.400000
2012-01-05,27.680000
2012-01-06,28.110001
2012-01-09,27.740000
2012-01-10,27.840000
2012-01-11,27.719999
2012-01-12,28.000000
2012-01-13,28.250000
2012-01-17,28.260000
2012-01-18,28.230000
2012-01-19,28.120001
2012-01-20,29.709999
2012-01-23,29.730000
2012-01-24,29.340000
2012-01-25,29.559999
2012-01-26,29.500000
2012-01-27,29.230000
2012-01-30,29.610001
2012-01-31,29.530001
2012-02-01,29.889999
2012-02-02,29.950001
2012-02-03,30.240000
2012-02-06,30.200001
2012-02-07,30.350000
2012-02-08,30.660000
2012-02-09,30.770000
2012-02-10,30.500000
2012-02-13,30.580000
2012-02-14,30.250000
2012-02-15,30.049999
2012-02-16,31.290001
2012-02-17,31.250000
2012-02-21,31.440001
2012-02-22,31.270000
2012-02-23,31.370001
2012-02-24,31.480000
2012-02-27,31.350000
2012-02-28,31.870001
2012-02-29,31.740000
2012-03-01,32.290001
2012-03-02,32.080002
2012-03-05,31.799999
2012-03-06,31.559999
2012-03-07,31.840000
2012-03-08,32.009998
2012-03-09,31.990000
2012-03-12,32.040001
2012-03-13,32.669998
2012-03-14,32.770000
2012-03-15,32.849998
2012-03-16,32.599998
2012-03-19,32.200001
2012-03-20,31.990000
2012-03-21,31.910000
2012-03-22,32.000000
2012-03-23,32.009998
2012-03-26,32.590000
2012-03-27,32.520000
2012-03-28,32.189999
2012-03-29,32.119999
2012-03-30,32.259998
2012-04-02,32.290001
2012-04-03,31.940001
2012-04-04,31.209999
2012-04-05,31.520000
2012-04-09,31.100000
2012-04-10,30.469999
2012-04-11,30.350000
2012-04-12,30.980000
2012-04-13,30.809999
2012-04-16,31.080000
2012-04-17,31.440001
2012-04-18,31.139999
2012-04-19,31.010000
2012-04-20,32.419998
2012-04-23,32.119999
2012-04-24,31.920000
2012-04-25,32.200001
2012-04-26,32.110001
2012-04-27,31.980000
2012-04-30,32.020000
2012-05-01,32.009998
2012-05-02,31.799999
2012-05-03,31.760000
2012-05-04,30.980000
2012-05-07,30.650000
2012-05-08,30.500000
2012-05-09,30.760000
2012-05-10,30.740000
2012-05-11,31.160000
2012-05-14,30.680000
2012-05-15,30.209999
2012-05-16,29.900000
2012-05-17,29.719999
2012-05-18,29.270000
2012-05-21,29.750000
2012-05-22,29.760000
2012-05-23,29.110001
2012-05-24,29.070000
2012-05-25,29.059999
2012-05-29,29.559999
2012-05-30,29.340000
2012-05-31,29.190001
2012-06-01,28.450001
2012-06-04,28.549999
2012-06-05,28.510000
2012-06-06,29.350000
2012-06-07,29.230000
2012-06-08,29.650000
2012-06-11,28.900000
2012-06-12,29.290001
2012-06-13,29.129999
2012-06-14,29.340000
2012-06-15,30.020000
2012-06-18,29.840000
2012-06-19,30.700001
2012-06-20,30.930000
2012-06-21,30.139999
2012-06-22,30.700001
2012-06-25,29.870001
2012-06-26,30.020000
2012-06-27,30.170000
2012-06-28,29.910000
2012-06-29,30.590000
2012-07-02,30.559999
2012-07-03,30.760000
2012-07-05,30.700001
2012-07-06,30.190001
2012-07-09,30.000000
2012-07-10,29.740000
2012-07-11,29.299999
2012-07-12,28.629999
2012-07-13,29.389999
2012-07-16,29.440001
2012-07-17,29.660000
2012-07-18,30.450001
2012-07-19,30.670000
2012-07-20,30.120001
2012-07-23,29.280001
2012-07-24,29.150000
2012-07-25,28.830000
2012-07-26,29.160000
2012-07-27,29.760000
2012-07-30,29.639999
2012-07-31,29.469999
2012-08-01,29.410000
2012-08-02,29.190001
2012-08-03,29.750000
2012-08-06,29.950001
2012-08-07,30.260000
2012-08-08,30.330000
2012-08-09,30.500000
2012-08-10,30.420000
2012-08-13,30.389999
2012-08-14,30.129999
2012-08-15,30.200001
2012-08-16,30.780001
2012-08-17,30.900000
2012-08-20,30.740000
2012-08-21,30.799999
2012-08-22,30.540001
2012-08-23,30.260000
2012-08-24,30.559999
2012-08-27,30.690001
2012-08-28,30.629999
2012-08-29,30.650000
2012-08-30,30.320000
2012-08-31,30.820000
2012-09-04,30.389999
2012-09-05,30.389999
2012-09-06,31.350000
2012-09-07,30.950001
2012-09-10,30.719999
2012-09-11,30.790001
2012-09-12,30.780001
2012-09-13,30.940001
2012-09-14,31.209999
2012-09-17,31.209999
2012-09-18,31.180000
2012-09-19,31.049999
2012-09-20,31.450001
2012-09-21,31.190001
2012-09-24,30.780001
2012-09-25,30.389999
2012-09-26,30.170000
2012-09-27,30.160000
2012-09-28,29.760000
2012-10-01,29.490000
2012-10-02,29.660000
2012-10-03,29.860001
2012-10-04,30.030001
2012-10-05,29.850000
2012-10-08,29.780001
2012-10-09,29.280001
2012-10-10,28.980000
2012-10-11,28.950001
2012-10-12,29.200001
2012-10-15,29.510000
2012-10-16,29.490000
2012-10-17,29.590000
2012-10-18,29.500000
2012-10-19,28.639999
2012-10-22,28.000000
2012-10-23,28.049999
2012-10-24,27.900000
2012-10-25,27.879999
2012-10-26,28.209999
2012-10-31,28.540001
2012-11-01,29.520000
2012-11-02,29.500000
2012-11-05,29.629999
2012-11-06,29.860001
2012-11-07,29.080000
2012-11-08,28.809999
2012-11-09,28.830000
2012-11-12,28.219999
2012-11-13,27.090000
2012-11-14,26.840000
2012-11-15,26.660000
2012-11-16,26.520000
2012-11-19,26.730000
2012-11-20,26.709999
2012-11-21,26.950001
2012-11-23,27.700001
2012-11-26,27.389999
2012-11-27,27.080000
2012-11-28,27.360001
2012-11-29,26.950001
2012-11-30,26.620001
2012-12-03,26.430000
2012-12-04,26.370001
2012-12-05,26.670000
2012-12-06,26.730000
2012-12-07,26.459999
2012-12-10,26.940001
2012-12-11,27.320000
2012-12-12,27.240000
2012-12-13,27.110001
2012-12-14,26.809999
2012-12-17,27.100000
2012-12-18,27.559999
2012-12-19,27.309999
2012-12-20,27.680000
2012-12-21,27.450001
2012-12-24,27.059999
2012-12-26,26.860001
2012-12-27,26.959999
2012-12-28,26.549999
2012-12-31,26.709999
2013-01-02,27.620001
2013-01-03,27.250000
2013-01-04,26.740000
2013-01-07,26.690001
2013-01-08,26.549999
2013-01-09,26.700001
2013-01-10,26.459999
2013-01-11,26.830000
2013-01-14,26.889999
2013-01-15,27.209999
2013-01-16,27.040001
2013-01-17,27.250000
2013-01-18,27.250000
2013-01-22,27.150000
2013-01-23,27.610001
2013-01-24,27.629999
2013-01-25,27.879999
2013-01-28,27.910000
2013-01-29,28.010000
2013-01-30,27.850000
2013-01-31,27.450001
2013-02-01,27.930000
2013-02-04,27.440001
2013-02-05,27.500000
2013-02-06,27.340000
2013-02-07,27.280001
2013-02-08,27.549999
2013-02-11,27.860001
2013-02-12,27.879999
2013-02-13,28.030001
2013-02-14,28.040001
2013-02-15,28.010000
2013-02-19,28.049999
2013-02-20,27.870001
2013-02-21,27.490000
2013-02-22,27.760000
2013-02-25,27.370001
2013-02-26,27.370001
2013-02-27,27.809999
2013-02-28,27.799999
2013-03-01,27.950001
2013-03-04,28.150000
2013-03-05,28.350000
2013-03-06,28.090000
2013-03-07,28.139999
2013-03-08,28.000000
2013-03-11,27.870001
2013-03-12,27.910000
2013-03-13,27.920000
2013-03-14,28.139999
2013-03-15,28.040001
2013-03-18,28.100000
2013-03-19,28.180000
2013-03-20,28.320000
2013-03-21,28.110001
2013-03-22,28.250000
2013-03-25,28.160000
2013-03-26,28.160000
2013-03-27,28.370001
2013-03-28,28.610001
2013-04-01,28.610001
2013-04-02,28.799999
2013-04-03,28.559999
2013-04-04,28.600000
2013-04-05,28.700001
2013-04-08,28.590000
2013-04-09,29.610001
2013-04-10,30.280001
2013-04-11,28.940001
2013-04-12,28.790001
2013-04-15,28.690001
2013-04-16,28.969999
2013-04-17,28.830000
2013-04-18,28.790001
2013-04-19,29.770000
2013-04-22,30.830000
2013-04-23,30.600000
2013-04-24,31.760000
2013-04-25,31.940001
2013-04-26,31.790001
2013-04-29,32.610001
2013-04-30,33.099998
2013-05-01,32.720001
2013-05-02,33.160000
2013-05-03,33.490002
2013-05-06,33.750000
2013-05-07,33.310001
2013-05-08,32.990002
2013-05-09,32.660000
2013-05-10,32.689999
2013-05-13,33.029999
2013-05-14,33.529999
2013-05-15,33.849998
2013-05-16,34.080002
2013-05-17,34.869999
2013-05-20,35.080002
2013-05-21,34.849998
2013-05-22,34.610001
2013-05-23,34.150002
2013-05-24,34.270000
2013-05-28,35.020000
2013-05-29,34.880001
2013-05-30,35.029999
2013-05-31,34.900002
2013-06-03,35.590000
2013-06-04,34.990002
2013-06-05,34.779999
2013-06-06,34.959999
2013-06-07,35.669998
2013-06-10,35.470001
2013-06-11,34.840000
2013-06-12,35.000000
2013-06-13,34.720001
2013-06-14,34.400002
2013-06-17,35.000000
2013-06-18,34.980000
2013-06-19,34.590000
2013-06-20,33.490002
2013-06-21,33.270000
2013-06-24,33.720001
2013-06-25,33.669998
2013-06-26,34.349998
2013-06-27,34.619999
2013-06-28,34.540001
2013-07-01,34.360001
2013-07-02,33.939999
2013-07-03,34.009998
2013-07-05,34.209999
2013-07-08,34.330002
2013-07-09,34.349998
2013-07-10,34.700001
2013-07-11,35.689999
2013-07-12,35.669998
2013-07-15,36.169998
2013-07-16,36.270000
2013-07-17,35.740002
2013-07-18,35.439999
2013-07-19,31.400000
2013-07-22,32.009998
2013-07-23,31.820000
2013-07-24,31.959999
2013-07-25,31.389999
2013-07-26,31.620001
2013-07-29,31.540001
2013-07-30,31.850000
2013-07-31,31.840000
2013-08-01,31.670000
2013-08-02,31.889999
2013-08-05,31.700001
2013-08-06,31.580000
2013-08-07,32.060001
2013-08-08,32.889999
2013-08-09,32.700001
2013-08-12,32.869999
2013-08-13,32.230000
2013-08-14,32.349998
2013-08-15,31.790001
2013-08-16,31.799999
2013-08-19,31.389999
2013-08-20,31.620001
2013-08-21,31.610001
2013-08-22,32.389999
2013-08-23,34.750000
2013-08-26,34.150002
2013-08-27,33.259998
2013-08-28,33.020000
2013-08-29,33.549999
2013-08-30,33.400002
2013-09-03,31.879999
2013-09-04,31.200001
2013-09-05,31.230000
2013-09-06,31.150000
2013-09-09,31.660000
2013-09-10,32.389999
2013-09-11,32.740002
2013-09-12,32.689999
2013-09-13,33.029999
2013-09-16,32.799999
2013-09-17,32.930000
2013-09-18,33.320000
2013-09-19,33.639999
2013-09-20,32.790001
2013-09-23,32.740002
2013-09-24,32.450001
2013-09-25,32.509998
2013-09-26,32.770000
2013-09-27,33.270000
2013-09-30,33.279999
2013-10-01,33.580002
2013-10-02,33.919998
2013-10-03,33.860001
2013-10-04,33.880001
2013-10-07,33.299999
2013-10-08,33.009998
2013-10-09,33.070000
2013-10-10,33.759998
2013-10-11,34.130001
2013-10-14,34.450001
2013-10-15,34.490002
2013-10-16,34.639999
2013-10-17,34.919998
2013-10-18,34.959999
2013-10-21,34.990002
2013-10-22,34.580002
2013-10-23,33.759998
2013-10-24,33.720001
2013-10-25,35.730000
2013-10-28,35.570000
2013-10-29,35.520000
2013-10-30,35.540001
2013-10-31,35.410000
2013-11-01,35.529999
2013-11-04,35.939999
2013-11-05,36.639999
2013-11-06,38.180000
2013-11-07,37.500000
2013-11-08,37.779999
2013-11-11,37.590000
2013-11-12,37.360001
2013-11-13,38.160000
2013-11-14,38.020000
2013-11-15,37.840000
2013-11-18,37.200001
2013-11-19,36.740002
2013-11-20,37.080002
2013-11-21,37.400002
2013-11-22,37.570000
2013-11-25,37.639999
2013-11-26,37.349998
2013-11-27,37.599998
2013-11-29,38.130001
2013-12-02,38.450001
2013-12-03,38.310001
2013-12-04,38.939999
2013-12-05,38.000000
2013-12-06,38.360001
2013-12-09,38.709999
2013-12-10,38.110001
2013-12-11,37.610001
2013-12-12,37.220001
2013-12-13,36.689999
2013-12-16,36.889999
2013-12-17,36.520000
2013-12-18,36.580002
2013-12-19,36.250000
2013-12-20,36.799999
2013-12-23,36.619999
2013-12-24,37.080002
2013-12-26,37.439999
2013-12-27,37.290001
2013-12-30,37.290001
2013-12-31,37.410000
